Case,OCC_DATE,OCC_TIME,CASE_STATUS_DESC,UCR,UCR_EXT_CODE,OFFENSE_DESC,Bias Type,LOC_CODE,Location_Description,DeIdentifiedLocation,X_COORDINATE,Y_COORDINATE
201014158,1/7/2010 0:00,2000,INACTIVE,1316,1316-0,THREATS TO INJURE,ANTI-BLACK,20,RESIDENCE/HOME                                                                 ,1500 BLOCK N KRAMERIA ST,3164241,1695245
201015285,1/10/2010 0:00,1000,INACTIVE,5309,5309-0,HARASSMENT,ANTI-BLACK,20,RESIDENCE/HOME                                                                 ,4200 BLOCK E ILIFF AVE,3158289,1671320
201023300,1/14/2010 0:00,1900,INACTIVE,2999,2999-2,CRIMINAL MISCHIEF - GRAFFITI,ANTI-MALE HOMOSEXUAL (GAY),25,OTHER/UNKNOWN                                                                  ,300 BLOCK N ST PAUL ST,3154520,1688111
201030155,1/17/2010 0:00,800,INACTIVE,5309,5309-0,HARASSMENT,ANTI-JEWISH,20,RESIDENCE/HOME                                                                 ,3100 BLOCK N MARION ST,3148499,1702794
201042484,1/26/2010 0:00,1935,INACTIVE,1313,1313-0,ASSAULT - SIMPLE,ANTI-MALE HOMOSEXUAL (GAY),13,HIGHWAY/ROAD/ALLEY/STREET/SIDEWALK                                             ,1700 BLOCK BLK OF STOUT ST,,
201042484,1/26/2010 0:00,1935,INACTIVE,2999,2999-0,CRIMINAL MISCHIEF - OTHER,ANTI-MALE HOMOSEXUAL (GAY),13,HIGHWAY/ROAD/ALLEY/STREET/SIDEWALK                                             ,1700 BLOCK BLK OF STOUT ST,,
201052050,2/1/2010 0:00,1100,REFUSED BY DA - NO LIKELIHOOD OF CONVICTION,1313,1313-0,ASSAULT - SIMPLE,ANTI-HOMOSEXUAL (GAY AND LESBIAN),25,OTHER/UNKNOWN                                                                  ,1400 BLOCK N BANNOCK ST,3143151,1694551
201057756,2/4/2010 0:00,1855,INACTIVE,1315,1315-2,MENACING - FELONY W/WEAP,ANTI-ISLAMIC,18,PARKING LOT/GARAGE                                                             ,1200 BLOCK S QUEBEC WAY,3168208,1678222
201060813,2/5/2010 0:00,2000,INACTIVE,1315,1315-0,AGGRAVATED ASSAULT,ANTI-WHITE,13,HIGHWAY/ROAD/ALLEY/STREET/SIDEWALK                                             ,800 BLOCK 16TH ST,3142551,1697022
201069349,2/10/2010 0:00,1200,INACTIVE,5309,5309-0,HARASSMENT,ANTI-BLACK,22,SCHOOL/COLLEGE,7100 BLOCK E MONTVIEW BLVD,3167333,1697284
201069421,2/11/2010 0:00,1530,INACTIVE,5309,5309-0,HARASSMENT,ANTI-BLACK,24,SPECIALTY STORE                                                                ,3200 BLOCK E 2ND AVE,3154867,1687481
201072317,2/13/2010 0:00,305,ACCEPTED BY DA - ARREST MADE OR CITATION ISSUED,2999,2999-1,CRIMINAL MISCHIEF - MTR VEH,ANTI-ISLAMIC,3,BAR/NIGHT CLUB                                                                 ,1800 BLOCK S BROADWAY ST,3144343,1674371
201072317,2/13/2010 0:00,305,ACCEPTED BY DA - ARREST MADE OR CITATION ISSUED,2999,2999-2,CRIMINAL MISCHIEF - GRAFFITI,ANTI-ISLAMIC,3,BAR/NIGHT CLUB                                                                 ,1800 BLOCK S BROADWAY ST,3144343,1674371
201072317,2/13/2010 0:00,305,ACCEPTED BY DA - ARREST MADE OR CITATION ISSUED,1315,1315-0,AGGRAVATED ASSAULT,ANTI-ISLAMIC,3,BAR/NIGHT CLUB                                                                 ,1800 BLOCK S BROADWAY ST,3144343,1674371
201079291,2/17/2010 0:00,1025,REFUSED BY DA - OTHER REASON,5309,5309-0,HARASSMENT,ANTI-BLACK,20,RESIDENCE/HOME                                                                 ,5000 BLOCK N RALEIGH ST,3128740,1712167
2010113946,2/28/2010 0:00,800,INACTIVE,2999,2999-1,CRIMINAL MISCHIEF - MTR VEH,ANTI-HOMOSEXUAL (GAY AND LESBIAN),20,RESIDENCE/HOME                                                                 ,4900 BLOCK N JASPER ST,3195098,1711679
2010113948,3/10/2010 0:00,900,INACTIVE,5309,5309-0,HARASSMENT,ANTI-BLACK,22,SCHOOL/COLLEGE,4200 BLOCK N SHOSHONE ST,3137901,1707450
2010116135,3/11/2010 0:00,1630,ACCEPTED BY DA - ARREST MADE OR CITATION ISSUED,1313,1313-0,ASSAULT - SIMPLE,ANTI-BLACK,22,SCHOOL/COLLEGE,1700 BLOCK E LOUISIANA AVE,3150133,1677431
2010117286,3/12/2010 0:00,1030,ACCEPTED BY DA - ARREST MADE OR CITATION ISSUED,1316,1316-0,THREATS TO INJURE,ANTI-BLACK,22,SCHOOL/COLLEGE,7100 BLOCK E MONTVIEW BLVD,3167124,1697800
2010117286,3/12/2010 0:00,1030,ACCEPTED BY DA - ARREST MADE OR CITATION ISSUED,5203,5203-0,WEAPON-CARRYING PROHIBITED,ANTI-BLACK,22,SCHOOL/COLLEGE,7100 BLOCK E MONTVIEW BLVD,3167124,1697800
2010119245,3/12/2010 0:00,2200,INACTIVE,2999,2999-2,CRIMINAL MISCHIEF - GRAFFITI,ANTI-JEWISH,4,CHURCH/SYNAGOGUE/TEMPLE/MOSQUE                                                 ,1400 BLOCK S VINE ST,3151060,1677005
2010122049,3/14/2010 0:00,2030,INACTIVE,2999,2999-1,CRIMINAL MISCHIEF - MTR VEH,ANTI-HOMOSEXUAL (GAY AND LESBIAN),18,PARKING LOT/GARAGE                                                             ,200 BLOCK N RAMPART WAY,3169003,1688447
2010134123,3/21/2010 0:00,2230,INACTIVE,2999,2999-1,CRIMINAL MISCHIEF - MTR VEH,ANTI-WHITE,13,HIGHWAY/ROAD/ALLEY/STREET/SIDEWALK                                             ,3800 BLOCK N COOK ST,3155341,1706059
2010173312,4/12/2010 0:00,830,INACTIVE,1316,1316-0,THREATS TO INJURE,ANTI-HOMOSEXUAL (GAY AND LESBIAN),22,SCHOOL/COLLEGE,2200 BLOCK S UNIVERSITY BLVD,3151832,1671468
2010198128,4/26/2010 0:00,1533,ACCEPTED BY DA - ARREST MADE OR CITATION ISSUED,1316,1316-0,THREATS TO INJURE,ANTI-BLACK,5,COMMERCIAL/OFFICE BUILDING                                                     ,300 BLOCK 17TH ST,3143989,1696092
2010205703,5/1/2010 0:00,1815,INACTIVE,1313,1313-0,ASSAULT - SIMPLE,ANTI-JEWISH,13,HIGHWAY/ROAD/ALLEY/STREET/SIDEWALK                                             ,S DAHLIA ST / E ALAMEDA AVE,3159909,1684463
2010235584,5/17/2010 0:00,1200,INACTIVE,2999,2999-0,CRIMINAL MISCHIEF - OTHER,ANTI-BLACK,13,HIGHWAY/ROAD/ALLEY/STREET/SIDEWALK                                             ,600 BLOCK N DOWNING ST,3148166,1689806
2010260706,5/31/2010 0:00,30,ACCEPTED BY DA - ARREST MADE OR CITATION ISSUED,1315,1315-0,AGGRAVATED ASSAULT,ANTI-OTHER ETHNICITY/NATIONAL ORIGIN,3,BAR/NIGHT CLUB                                                                 ,2600 BLOCK S BROADWAY ST,3144179,1668731
2010264852,6/1/2010 0:00,1600,INACTIVE,2999,2999-2,CRIMINAL MISCHIEF - GRAFFITI,ANTI-MULTI-RACIAL GROUP,25,OTHER/UNKNOWN                                                                  ,7900 BLOCK E QUINCY AVE,3170389,1658343
2010295109,6/17/2010 0:00,2100,INACTIVE,5309,5309-0,HARASSMENT,ANTI-BLACK,20,RESIDENCE/HOME                                                                 ,4500 BLOCK E JEWELL AVE,3159110,1673716
2010301932,6/21/2010 0:00,1535,VIC REFUSES TO COOP-NOT PRESENTED/REFUSED BY DA,1313,1313-0,ASSAULT - SIMPLE,ANTI-WHITE,13,HIGHWAY/ROAD/ALLEY/STREET/SIDEWALK                                             ,1200 BLOCK W 43RD AVE,3139884,1707791
2010341079,7/10/2010 0:00,0,INACTIVE,5309,5309-0,HARASSMENT,ANTI-OTHER ETHNICITY/NATIONAL ORIGIN,20,RESIDENCE/HOME                                                                 , BLOCK S EMERSON ST,3147244,1685732
2010361304,7/21/2010 0:00,40,ACCEPTED BY DA - ARREST MADE OR CITATION ISSUED,1315,1315-2,MENACING - FELONY W/WEAP,ANTI-BLACK,20,RESIDENCE/HOME                                                                 ,4300 BLOCK N LIPAN ST,3139952,1707924
2010361304,7/21/2010 0:00,40,ACCEPTED BY DA - ARREST MADE OR CITATION ISSUED,5212,5212-1,WEAPON-BY PREV OFFENDER-POWPO,ANTI-BLACK,20,RESIDENCE/HOME                                                                 ,4300 BLOCK N LIPAN ST,3139952,1707924
2010374034,7/27/2010 0:00,1425,ACCEPTED BY DA - ARREST MADE OR CITATION ISSUED,1316,1316-0,THREATS TO INJURE,ANTI-BLACK,11,GOVERNMENT/PUBLIC BUILDING                                                     ,200 BLOCK W COLFAX AVE,3143348,1695004
2010394666,8/7/2010 0:00,1542,ACCEPTED BY DA - ARREST MADE OR CITATION ISSUED,1316,1316-0,THREATS TO INJURE,ANTI-ISLAMIC,13,HIGHWAY/ROAD/ALLEY/STREET/SIDEWALK                                             ,100 BLOCK N CLAYTON LN,3153149,1687209
201173432,9/1/2010 0:00,900,REFUSED BY DA - NO LIKELIHOOD OF CONVICTION,5309,5309-0,HARASSMENT,ANTI-MULTI-RACIAL GROUP,22,SCHOOL/COLLEGE,8600 BLOCK E DARTMOUTH AVE,3170920,1665692
2010443817,9/3/2010 0:00,2315,INACTIVE,1313,1313-0,ASSAULT - SIMPLE,ANTI-WHITE,13,HIGHWAY/ROAD/ALLEY/STREET/SIDEWALK                                             ,E COLFAX AVE / N COLORADO BLVD,3157296,1694956
2010462361,9/14/2010 0:00,1900,ACCEPTED BY DA - ARREST MADE OR CITATION ISSUED,1316,1316-0,THREATS TO INJURE,ANTI-BLACK,18,PARKING LOT/GARAGE                                                             ,11100 BLOCK E DARTMOUTH AVE,3180932,1665666
2010467463,9/17/2010 0:00,500,INACTIVE,1316,1316-0,THREATS TO INJURE,ANTI-JEWISH,22,SCHOOL/COLLEGE,1200 BLOCK LARIMER ST,3140028,1696884
2010475642,9/21/2010 0:00,2200,INACTIVE,2999,2999-2,CRIMINAL MISCHIEF - GRAFFITI,ANTI-CATHOLIC,4,CHURCH/SYNAGOGUE/TEMPLE/MOSQUE                                                 ,1500 BLOCK N LOGAN ST,3145678,1695111
2010475642,9/21/2010 0:00,2200,INACTIVE,5707,5707-0,CRIMINAL TRESPASSING,ANTI-CATHOLIC,4,CHURCH/SYNAGOGUE/TEMPLE/MOSQUE                                                 ,1500 BLOCK N LOGAN ST,3145678,1695111
2010481688,9/25/2010 0:00,1625,INACTIVE,1313,1313-0,ASSAULT - SIMPLE,ANTI-HISPANIC,13,HIGHWAY/ROAD/ALLEY/STREET/SIDEWALK                                             ,38TH ST / ARKINS CT,3146710,1707585
2010484415,9/27/2010 0:00,0,INACTIVE,1313,1313-0,ASSAULT - SIMPLE,ANTI-FEMALE HOMOSEXUAL (LESBIAN),18,PARKING LOT/GARAGE                                                             ,500 BLOCK S BROADWAY ST,3144043,1682876
2010487555,9/29/2010 0:00,130,INACTIVE,1313,1313-0,ASSAULT - SIMPLE,ANTI-OTHER ETHNICITY/NATIONAL ORIGIN,13,HIGHWAY/ROAD/ALLEY/STREET/SIDEWALK                                             ,1900 BLOCK S HIGH ST,3150598,1673717
2010489033,9/29/2010 0:00,2230,INACTIVE,1315,1315-0,AGGRAVATED ASSAULT,ANTI-BLACK,13,HIGHWAY/ROAD/ALLEY/STREET/SIDEWALK                                             ,N WILLIAMS ST / E 35TH AVE,3150129,1704248
2010492719,10/1/2010 0:00,2251,ACCEPTED BY DA - ARREST MADE OR CITATION ISSUED,1313,1313-0,ASSAULT - SIMPLE,ANTI-HOMOSEXUAL (GAY AND LESBIAN),13,HIGHWAY/ROAD/ALLEY/STREET/SIDEWALK                                             ,600 BLOCK N SANTA FE DR,3141064,1689666
2010516442,10/1/2010 0:00,1545,REFUSED BY DA - NO LIKELIHOOD OF CONVICTION,1313,1313-0,ASSAULT - SIMPLE,ANTI-MENTAL DISABILITY,22,SCHOOL/COLLEGE,16000 BLOCK E MAXWELL PL,3196587,1715620
20105011972,10/6/2010 0:00,1200,INACTIVE,5309,5309-0,HARASSMENT,ANTI-HOMOSEXUAL (GAY AND LESBIAN),20,RESIDENCE/HOME                                                                 ,700 BLOCK S GALENA ST,3177231,1681359
2010504358,10/7/2010 0:00,1730,INACTIVE,2999,2999-1,CRIMINAL MISCHIEF - MTR VEH,ANTI-HOMOSEXUAL (GAY AND LESBIAN),20,RESIDENCE/HOME                                                                 , BLOCK N FOREST ST,3161110,1686506
2010509533,10/11/2010 0:00,1850,ACCEPTED BY DA - ARREST MADE OR CITATION ISSUED,1315,1315-2,MENACING - FELONY W/WEAP,ANTI-BLACK,13,HIGHWAY/ROAD/ALLEY/STREET/SIDEWALK                                             ,19TH ST / WELTON ST,3144072,1697454
2010513473,10/14/2010 0:00,1000,ACCEPTED BY DA - ARREST MADE OR CITATION ISSUED,1313,1313-0,ASSAULT - SIMPLE,ANTI-HOMOSEXUAL (GAY AND LESBIAN),22,SCHOOL/COLLEGE,1500 BLOCK N ALBION ST,3157649,1695197
2010513473,10/14/2010 0:00,1000,ACCEPTED BY DA - ARREST MADE OR CITATION ISSUED,5309,5309-0,HARASSMENT,ANTI-HOMOSEXUAL (GAY AND LESBIAN),22,SCHOOL/COLLEGE,1500 BLOCK N ALBION ST,3157649,1695197
2010530532,10/23/2010 0:00,2300,INACTIVE,1313,1313-0,ASSAULT - SIMPLE,ANTI-HOMOSEXUAL (GAY AND LESBIAN),1,AIR/BUS/TRAIN TERMINAL                                                         ,E COLFAX AVE / N BROADWAY ST,3144156,1694853
2010561594,11/4/2010 0:00,600,ACCEPTED BY DA - ARREST MADE OR CITATION ISSUED,2999,2999-2,CRIMINAL MISCHIEF - GRAFFITI,ANTI-JEWISH,1,AIR/BUS/TRAIN TERMINAL                                                         ,300 BLOCK S PEARL ST,3146278,1683921
2010557740,11/8/2010 0:00,2100,INACTIVE,1315,1315-0,AGGRAVATED ASSAULT,ANTI-WHITE,13,HIGHWAY/ROAD/ALLEY/STREET/SIDEWALK                                             ,5000 BLOCK N FEDERAL BLVD,3133548,1712160
2010563260,11/11/2010 0:00,1900,ACCEPTED BY DA - ARREST MADE OR CITATION ISSUED,2999,2999-2,CRIMINAL MISCHIEF - GRAFFITI,ANTI-JEWISH,5,COMMERCIAL/OFFICE BUILDING                                                     ,300 BLOCK S PEARL ST,3146278,1683921
2010573349,11/12/2010 0:00,1500,REFERRED TO OTHER AGENCY,2999,2999-2,CRIMINAL MISCHIEF - GRAFFITI,ANTI-JEWISH,4,CHURCH/SYNAGOGUE/TEMPLE/MOSQUE                                                 ,2300 BLOCK S MARION ST,3148634,1670999
2010575613,11/19/2010 0:00,1650,ACCEPTED BY DA - ARREST MADE OR CITATION ISSUED,1315,1315-0,AGGRAVATED ASSAULT,ANTI-BLACK,18,PARKING LOT/GARAGE                                                             ,2600 BLOCK W EVANS AVE,3135509,1672647
20105015360,12/1/2010 0:00,1200,INACTIVE,2999,2999-2,CRIMINAL MISCHIEF - GRAFFITI,ANTI-HOMOSEXUAL (GAY AND LESBIAN),20,RESIDENCE/HOME                                                                 ,3700 BLOCK W WALSH PL,3130538,1681214
2010596942,12/2/2010 0:00,1700,INACTIVE,2999,2999-0,CRIMINAL MISCHIEF - OTHER,ANTI-MALE HOMOSEXUAL (GAY),8,DEPARTMENT/DISCOUNT STORE                                                      , BLOCK S STEELE ST,3154360,1686227
2010604329,12/7/2010 0:00,1600,INACTIVE,1313,1313-0,ASSAULT - SIMPLE,ANTI-ISLAMIC,25,OTHER/UNKNOWN                                                                  ,1700 BLOCK S PECOS ST,3138637,1674715
201148223,1/30/2011 0:00,130,REFUSED BY DA - NO LIKELIHOOD OF CONVICTION,1315,1315-0,AGGRAVATED ASSAULT,ANTI-HOMOSEXUAL (GAY AND LESBIAN),3,BAR/NIGHT CLUB                                                                 ,800 BLOCK 15TH ST,3141994,1696736
201169249,2/12/2011 0:00,30,INACTIVE,1315,1315-0,AGGRAVATED ASSAULT,ANTI-OTHER ETHNICITY/NATIONAL ORIGIN,18,PARKING LOT/GARAGE                                                             ,2200 BLOCK S COLORADO BLVD,3157532,1671413
2011101262,3/3/2011 0:00,1357,INACTIVE,1316,1316-0,THREATS TO INJURE,ANTI-OTHER ETHNICITY/NATIONAL ORIGIN,20,RESIDENCE/HOME                                                                 ,3600 BLOCK E JEWELL AVE,3156138,1673765
2011149112,4/4/2011 0:00,1620,ACCEPTED BY DA - ARREST MADE OR CITATION ISSUED,1313,1313-0,ASSAULT - SIMPLE,ANTI-BLACK,25,OTHER/UNKNOWN                                                                  ,E 13TH AVE / N PENNSYLVANIA ST,3145932,1693706
2011171534,4/18/2011 0:00,2215,INACTIVE,5312,5312-0,DISTURBING THE PEACE,ANTI-HOMOSEXUAL (GAY AND LESBIAN),18,PARKING LOT/GARAGE                                                             ,10000 BLOCK E ALAMEDA AVE,3176874,1683416
2011171534,4/18/2011 0:00,2215,INACTIVE,2999,2999-1,CRIMINAL MISCHIEF - MTR VEH,ANTI-HOMOSEXUAL (GAY AND LESBIAN),18,PARKING LOT/GARAGE                                                             ,10000 BLOCK E ALAMEDA AVE,3176874,1683416
2011174232,4/20/2011 0:00,1700,INACTIVE,1205,1205-0,ROBBERY - STREET,ANTI-HOMOSEXUAL (GAY AND LESBIAN),13,HIGHWAY/ROAD/ALLEY/STREET/SIDEWALK                                             ,5100 BLOCK E ASBURY AVE,3160896,1673178
2011201551,5/9/2011 0:00,1433,INACTIVE,1315,1315-0,AGGRAVATED ASSAULT,ANTI-MALE HOMOSEXUAL (GAY),12,GROCERY/SUPERMARKET                                                            ,1100 BLOCK E 9TH AVE,3147996,1691775
2011215614,5/18/2011 0:00,1800,INACTIVE - EARLY CASE CLOSURE,2999,2999-1,CRIMINAL MISCHIEF - MTR VEH,ANTI-JEWISH,13,HIGHWAY/ROAD/ALLEY/STREET/SIDEWALK                                             ,2300 BLOCK N STEELE ST,3155093,1698716
20115006165,6/5/2011 0:00,1800,INACTIVE - EARLY CASE CLOSURE,2999,2999-1,CRIMINAL MISCHIEF - MTR VEH,ANTI-MALE HOMOSEXUAL (GAY),25,OTHER/UNKNOWN                                                                  ,2300 BLOCK N OGDEN ST,3147864,1698875
2011264357,6/18/2011 0:00,1315,INACTIVE,1313,1313-0,ASSAULT - SIMPLE,ANTI-BLACK,20,RESIDENCE/HOME                                                                 ,3700 BLOCK N NAVAJO ST,3139486,1705148
2011268524,6/20/2011 0:00,2230,INACTIVE,1205,1205-0,ROBBERY - STREET,ANTI-WHITE,18,PARKING LOT/GARAGE                                                             ,2200 BLOCK LAWRENCE ST,3143699,1699950
2011284673,7/1/2011 0:00,0,INACTIVE,1315,1315-0,AGGRAVATED ASSAULT,ANTI-HOMOSEXUAL (GAY AND LESBIAN),13,HIGHWAY/ROAD/ALLEY/STREET/SIDEWALK                                             ,15TH ST / LARIMER ST,3140976,1697832
2011290435,7/3/2011 0:00,2336,ACCEPTED BY DA - ARREST MADE OR CITATION ISSUED,1315,1315-0,AGGRAVATED ASSAULT,ANTI-WHITE,18,PARKING LOT/GARAGE                                                             ,300 BLOCK S FEDERAL BLVD,3133699,1683900
2011293084,7/5/2011 0:00,151,INACTIVE,1313,1313-0,ASSAULT - SIMPLE,ANTI-WHITE,13,HIGHWAY/ROAD/ALLEY/STREET/SIDEWALK                                             ,21ST ST / LAWRENCE ST,3143250,1699639
2011300572,7/9/2011 0:00,1503,INACTIVE,1315,1315-0,AGGRAVATED ASSAULT,ANTI-MALE HOMOSEXUAL (GAY),13,HIGHWAY/ROAD/ALLEY/STREET/SIDEWALK                                             ,400 BLOCK E COLFAX AVE,3145640,1694781
2011316377,7/18/2011 0:00,1700,ACCEPTED BY DA - ARREST MADE OR CITATION ISSUED,1313,1313-0,ASSAULT - SIMPLE,ANTI-MALE HOMOSEXUAL (GAY),18,PARKING LOT/GARAGE                                                             ,W 50TH AVE / N FEDERAL BLVD,3133426,1712063
2011318344,7/19/2011 0:00,2030,ACCEPTED BY DA - ARREST MADE OR CITATION ISSUED,1315,1315-0,AGGRAVATED ASSAULT,ANTI-BLACK,13,HIGHWAY/ROAD/ALLEY/STREET/SIDEWALK                                             ,2800 BLOCK N MAGNOLIA ST,3165485,1701543
2011318344,7/19/2011 0:00,2030,ACCEPTED BY DA - ARREST MADE OR CITATION ISSUED,1315,1315-2,MENACING - FELONY W/WEAP,ANTI-BLACK,13,HIGHWAY/ROAD/ALLEY/STREET/SIDEWALK                                             ,2800 BLOCK N MAGNOLIA ST,3165485,1701543
2011319921,7/20/2011 0:00,2030,INACTIVE,1205,1205-0,ROBBERY - STREET,ANTI-WHITE,13,HIGHWAY/ROAD/ALLEY/STREET/SIDEWALK                                             ,1400 BLOCK N RACE ST,3150909,1694344
2011320135,7/20/2011 0:00,2300,INACTIVE,5309,5309-0,HARASSMENT,ANTI-MALE HOMOSEXUAL (GAY),13,HIGHWAY/ROAD/ALLEY/STREET/SIDEWALK                                             ,3300 BLOCK N DOWNING ST,3148166,1703418
2011347582,8/5/2011 0:00,1800,INACTIVE,2999,2999-1,CRIMINAL MISCHIEF - MTR VEH,ANTI-HOMOSEXUAL (GAY AND LESBIAN),5,COMMERCIAL/OFFICE BUILDING                                                     ,4100 BLOCK N GARFIELD ST,3156348,1707579
2011367577,8/17/2011 0:00,1800,ACCEPTED BY DA - ARREST MADE OR CITATION ISSUED,1316,1316-0,THREATS TO INJURE,ANTI-ISLAMIC,8,DEPARTMENT/DISCOUNT STORE                                                      ,7800 BLOCK E SMITH RD,3169237,1705800
2011367577,8/17/2011 0:00,1800,ACCEPTED BY DA - ARREST MADE OR CITATION ISSUED,5309,5309-0,HARASSMENT,ANTI-ISLAMIC,8,DEPARTMENT/DISCOUNT STORE                                                      ,7800 BLOCK E SMITH RD,3169237,1705800
2011373890,8/22/2011 0:00,20,ACCEPTED BY DA - ARREST MADE OR CITATION ISSUED,1316,1316-0,THREATS TO INJURE,ANTI-BLACK,20,RESIDENCE/HOME                                                                 ,2900 BLOCK N RACE ST,3150742,1701623
2011377241,8/24/2011 0:00,850,ACCEPTED BY DA - ARREST MADE OR CITATION ISSUED,1313,1313-0,ASSAULT - SIMPLE,ANTI-FEMALE HOMOSEXUAL (LESBIAN),11,GOVERNMENT/PUBLIC BUILDING                                                     ,2900 BLOCK W 10TH AVE,3133937,1692403
2011400512,9/7/2011 0:00,1015,ACCEPTED BY DA - ARREST MADE OR CITATION ISSUED,1315,1315-2,MENACING - FELONY W/WEAP,ANTI-BLACK,13,HIGHWAY/ROAD/ALLEY/STREET/SIDEWALK                                             ,600 BLOCK E COLFAX AVE,3146300,1694801
2011400512,9/7/2011 0:00,1015,ACCEPTED BY DA - ARREST MADE OR CITATION ISSUED,3512,3512-0,DRUG - HEROIN POSSESS,ANTI-BLACK,13,HIGHWAY/ROAD/ALLEY/STREET/SIDEWALK                                             ,600 BLOCK E COLFAX AVE,3146300,1694801
2011425076,9/23/2011 0:00,212,INACTIVE,1315,1315-0,AGGRAVATED ASSAULT,ANTI-MALE HOMOSEXUAL (GAY),1,AIR/BUS/TRAIN TERMINAL                                                         ,2900 BLOCK N DOWNING ST,3148045,1701914
20115011771,10/3/2011 0:00,2100,INACTIVE,5309,5309-0,HARASSMENT,ANTI-HOMOSEXUAL (GAY AND LESBIAN),20,RESIDENCE/HOME                                                                 ,1300 BLOCK N SHERMAN ST,3144977,1694036
2011468001,10/20/2011 0:00,1700,INACTIVE,2999,2999-2,CRIMINAL MISCHIEF - GRAFFITI,ANTI-OTHER RELIGION,4,CHURCH/SYNAGOGUE/TEMPLE/MOSQUE                                                 ,2200 BLOCK N DEXTER ST,3159425,1698362
2011494762,11/4/2011 0:00,1045,ACCEPTED BY DA - ARREST MADE OR CITATION ISSUED,1313,1313-0,ASSAULT - SIMPLE,ANTI-PHYSICAL DISABILITY,22,SCHOOL/COLLEGE,1800 BLOCK N LOWELL BLVD,3130864,1696893
2011493112,11/5/2011 0:00,645,INACTIVE,5309,5309-0,HARASSMENT,ANTI-FEMALE HOMOSEXUAL (LESBIAN),1,AIR/BUS/TRAIN TERMINAL                                                         ,600 BLOCK N MONACO ST,3165289,1689954
2011542025,12/15/2011 0:00,1315,ACCEPTED BY DA - ARREST MADE OR CITATION ISSUED,5309,5309-0,HARASSMENT,ANTI-BLACK,22,SCHOOL/COLLEGE,900 BLOCK S HAZEL CT,3132883,1680210
2011542025,12/15/2011 0:00,1315,ACCEPTED BY DA - ARREST MADE OR CITATION ISSUED,5312,5312-0,DISTURBING THE PEACE,ANTI-BLACK,22,SCHOOL/COLLEGE,900 BLOCK S HAZEL CT,3132883,1680210
20127195,1/1/2012 0:00,1400,REFUSED BY DA - NO LIKELIHOOD OF CONVICTION,1316,1316-0,THREATS TO INJURE,ANTI-HOMOSEXUAL (GAY AND LESBIAN),12,GROCERY/SUPERMARKET                                                            ,1300 BLOCK N KRAMERIA ST,3163858,1694063
201214560,1/11/2012 0:00,1445,ACCEPTED BY DA - ARREST MADE OR CITATION ISSUED,1313,1313-0,ASSAULT - SIMPLE,ANTI-HOMOSEXUAL (GAY AND LESBIAN),13,HIGHWAY/ROAD/ALLEY/STREET/SIDEWALK                                             ,E 28TH AVE / N YORK ST,3151888,1701061
201220334,1/15/2012 0:00,2210,INACTIVE,1315,1315-0,AGGRAVATED ASSAULT,ANTI-OTHER ETHNICITY/NATIONAL ORIGIN,18,PARKING LOT/GARAGE                                                             ,8300 BLOCK E 36TH AVE,3171278,1704975
201227431,1/21/2012 0:00,0,INACTIVE,1205,1205-0,ROBBERY - STREET,ANTI-BLACK,12,GROCERY/SUPERMARKET                                                            ,1300 BLOCK N SPEER BLVD,3141191,1693918
201237631,1/28/2012 0:00,114,INACTIVE,1316,1316-0,THREATS TO INJURE,ANTI-BLACK,13,HIGHWAY/ROAD/ALLEY/STREET/SIDEWALK                                             ,2300 BLOCK LAWRENCE ST,3144043,1700323
201245334,2/2/2012 0:00,1730,INACTIVE,1315,1315-0,AGGRAVATED ASSAULT,ANTI-BLACK,13,HIGHWAY/ROAD/ALLEY/STREET/SIDEWALK                                             ,4000 BLOCK E MLK BLVD,3157291,1702842
201245334,2/2/2012 0:00,1730,INACTIVE,2999,2999-1,CRIMINAL MISCHIEF - MTR VEH,ANTI-BLACK,13,HIGHWAY/ROAD/ALLEY/STREET/SIDEWALK                                             ,4000 BLOCK E MLK BLVD,3157291,1702842
201261681,2/15/2012 0:00,140,INACTIVE,1313,1313-0,ASSAULT - SIMPLE,ANTI-HOMOSEXUAL (GAY AND LESBIAN),13,HIGHWAY/ROAD/ALLEY/STREET/SIDEWALK                                             ,1700 BLOCK WAZEE ST,3141119,1699298
2012114943,3/20/2012 0:00,2000,INACTIVE,1313,1313-0,ASSAULT - SIMPLE,ANTI-WHITE,13,HIGHWAY/ROAD/ALLEY/STREET/SIDEWALK                                             ,2900 BLOCK LAWRENCE ST,3146182,1702694
2012118391,3/23/2012 0:00,110,REFUSED BY DA - OTHER REASON,1313,1313-0,ASSAULT - SIMPLE,ANTI-ISLAMIC,3,HIGHWAY/ROAD/ALLEY/STREET/SIDEWALK                                             ,1400 BLOCK MARKET ST,3140685,1697960
2012118391,3/23/2012 0:00,110,REFUSED BY DA - OTHER REASON,2999,2999-1,CRIMINAL MISCHIEF - MTR VEH,ANTI-ISLAMIC,13,HIGHWAY/ROAD/ALLEY/STREET/SIDEWALK                                             ,1400 BLOCK MARKET ST,3140685,1697960
2012123447,3/23/2012 0:00,838,INACTIVE,2999,2999-2,CRIMINAL MISCHIEF - GRAFFITI,ANTI-HOMOSEXUAL (GAY AND LESBIAN),25,OTHER/UNKNOWN                                                                  ,2600 BLOCK S FILLMORE ST,3154112,1668705
2012128043,3/28/2012 0:00,2310,INACTIVE,1313,1313-0,ASSAULT - SIMPLE,ANTI-WHITE,13,HIGHWAY/ROAD/ALLEY/STREET/SIDEWALK                                             ,E FLORIDA AVE / S PEARL ST,3146215,1676409
2012153588,4/14/2012 0:00,2040,INACTIVE,1313,1313-0,ASSAULT - SIMPLE,ANTI-HOMOSEXUAL (GAY AND LESBIAN),10,FIELD/WOODS (DOES NOT INCLUDE PARKS)                                           ,400 BLOCK E SPEER BLVD,3145349,1688625
2012157351,4/16/2012 0:00,1300,REFUSED BY DA - NO LIKELIHOOD OF CONVICTION,5309,5309-0,HARASSMENT,ANTI-JEWISH,22,SCHOOL/COLLEGE,1600 BLOCK N ESPLANADE PKWY,3152941,1695469
2012166858,4/23/2012 0:00,400,INACTIVE,1315,1315-0,AGGRAVATED ASSAULT,ANTI-BLACK,13,HIGHWAY/ROAD/ALLEY/STREET/SIDEWALK                                             ,16TH ST / LARIMER ST,3141314,1698169
2012175008,4/28/2012 0:00,249,INACTIVE,1315,1315-0,AGGRAVATED ASSAULT,ANTI-ISLAMIC,3,BAR/NIGHT CLUB                                                                 ,1500 BLOCK MARKET ST,3140819,1698229
2012189495,5/6/2012 0:00,830,ACCEPTED BY DA - ARREST MADE OR CITATION ISSUED,5212,5212-1,WEAPON-BY PREV OFFENDER-POWPO,ANTI-WHITE,13,HIGHWAY/ROAD/ALLEY/STREET/SIDEWALK                                             ,E 45TH AVE / N ARGONNE ST,3205455,1709083
2012189495,5/6/2012 0:00,830,ACCEPTED BY DA - ARREST MADE OR CITATION ISSUED,1315,1315-2,MENACING - FELONY W/WEAP,ANTI-WHITE,13,HIGHWAY/ROAD/ALLEY/STREET/SIDEWALK                                             ,E 45TH AVE / N ARGONNE ST,3205455,1709083
2012231491,5/30/2012 0:00,1910,ACCEPTED BY DA - ARREST MADE OR CITATION ISSUED,1315,1315-0,AGGRAVATED ASSAULT,ANTI-HISPANIC,18,PARKING LOT/GARAGE                                                             ,4500 BLOCK E JEWELL AVE,3159110,1673716
2012236711,6/2/2012 0:00,330,INACTIVE,1315,1315-0,AGGRAVATED ASSAULT,ANTI-HOMOSEXUAL (GAY AND LESBIAN),13,HIGHWAY/ROAD/ALLEY/STREET/SIDEWALK                                             ,2100 BLOCK DELGANY ST,3141330,1701365
2012276288,6/24/2012 0:00,330,INACTIVE,1205,1205-0,ROBBERY - STREET,ANTI-MALE HOMOSEXUAL (GAY),13,HIGHWAY/ROAD/ALLEY/STREET/SIDEWALK                                             ,E 11TH AVE / N GRANT ST,3145236,1692590
2012292179,7/3/2012 0:00,853,ACCEPTED BY DA - ARREST MADE OR CITATION ISSUED,1316,1316-0,THREATS TO INJURE,ANTI-JEWISH,20,RESIDENCE/HOME                                                                 ,8100 BLOCK E UNION AVE,3170706,1654612
20126005155,7/6/2012 0:00,0,INACTIVE,2999,2999-1,CRIMINAL MISCHIEF - MTR VEH,ANTI-HOMOSEXUAL (GAY AND LESBIAN),13,HIGHWAY/ROAD/ALLEY/STREET/SIDEWALK                                             ,1300 BLOCK N ADAMS ST,3155218,1693801
2012303045,7/8/2012 0:00,100,VIC REFUSES TO COOP-NOT PRESENTED/REFUSED BY DA,2999,2999-0,CRIMINAL MISCHIEF - OTHER,ANTI-BLACK,13,HIGHWAY/ROAD/ALLEY/STREET/SIDEWALK                                             ,4000 BLOCK S WISTERIA WAY,3172520,1658667
2012303045,7/8/2012 0:00,100,VIC REFUSES TO COOP-NOT PRESENTED/REFUSED BY DA,2999,2999-1,CRIMINAL MISCHIEF - MTR VEH,ANTI-BLACK,18,HIGHWAY/ROAD/ALLEY/STREET/SIDEWALK                                             ,4000 BLOCK S WISTERIA WAY,3172520,1658667
2012303136,7/8/2012 0:00,100,VIC REFUSES TO COOP-NOT PRESENTED/REFUSED BY DA,2999,2999-0,CRIMINAL MISCHIEF - OTHER,ANTI-CATHOLIC,13,HIGHWAY/ROAD/ALLEY/STREET/SIDEWALK                                             ,3900 BLOCK S WISTERIA CT,3172420,1660106
2012303136,7/8/2012 0:00,100,VIC REFUSES TO COOP-NOT PRESENTED/REFUSED BY DA,2999,2999-1,CRIMINAL MISCHIEF - MTR VEH,ANTI-CATHOLIC,13,HIGHWAY/ROAD/ALLEY/STREET/SIDEWALK                                             ,3900 BLOCK S WISTERIA CT,3172420,1660106
2012322120,7/11/2012 0:00,2340,INACTIVE,5309,5309-0,HARASSMENT,ANTI-HOMOSEXUAL (GAY AND LESBIAN),20,RESIDENCE/HOME                                                                 ,3700 BLOCK N PECOS ST,3138642,1705185
2012311450,7/13/2012 0:00,145,INACTIVE,1205,1205-0,ROBBERY - STREET,ANTI-WHITE,10,FIELD/WOODS (DOES NOT INCLUDE PARKS)                                           ,PARK AVEW / LAWRENCE ST,3143925,1700322
2012312549,7/13/2012 0:00,1805,INACTIVE,1205,1205-0,ROBBERY - STREET,ANTI-HOMOSEXUAL (GAY AND LESBIAN),13,HIGHWAY/ROAD/ALLEY/STREET/SIDEWALK                                             ,7900 BLOCK E COLFAX AVE,3169825,1694867
2012321726,7/18/2012 0:00,1740,ACCEPTED BY DA - ARREST MADE OR CITATION ISSUED,1311,1311-0,AGG ASLT - POLICE - WEAPON,ANTI-WHITE,13,HIGHWAY/ROAD/ALLEY/STREET/SIDEWALK                                             ,3700 BLOCK N OSCEOLA ST,3129742,1705084
2012321726,7/18/2012 0:00,1740,ACCEPTED BY DA - ARREST MADE OR CITATION ISSUED,1313,1313-4,CHILD ABUSE - SIMPLE,ANTI-WHITE,13,HIGHWAY/ROAD/ALLEY/STREET/SIDEWALK                                             ,3700 BLOCK N OSCEOLA ST,3129742,1705084
2012321726,7/18/2012 0:00,1740,ACCEPTED BY DA - ARREST MADE OR CITATION ISSUED,1315,1315-0,AGGRAVATED ASSAULT,ANTI-WHITE,13,HIGHWAY/ROAD/ALLEY/STREET/SIDEWALK                                             ,3700 BLOCK N OSCEOLA ST,3129742,1705084
2012321726,7/18/2012 0:00,1740,ACCEPTED BY DA - ARREST MADE OR CITATION ISSUED,1315,1315-2,MENACING - FELONY W/WEAP,ANTI-WHITE,13,HIGHWAY/ROAD/ALLEY/STREET/SIDEWALK                                             ,3700 BLOCK N OSCEOLA ST,3129742,1705084
20125003364,7/24/2012 0:00,1500,REFUSED BY DA - INSUFFICIENT ID EVID,5309,5309-0,HARASSMENT,ANTI-BLACK,11,GOVERNMENT/PUBLIC BUILDING                                                     ,300 BLOCK W COLFAX AVE,3142877,1694969
2012344189,7/30/2012 0:00,1935,ACCEPTED BY DA - ARREST MADE OR CITATION ISSUED,1315,1315-2,MENACING - FELONY W/WEAP,ANTI-HISPANIC,13,HIGHWAY/ROAD/ALLEY/STREET/SIDEWALK                                             ,800 BLOCK N QUITMAN ST,3129135,1690977
2012389841,8/25/2012 0:00,15,INACTIVE,1313,1313-0,ASSAULT - SIMPLE,ANTI-HOMOSEXUAL (GAY AND LESBIAN),16,LAKE/WATERWAY/BEACH                                                            ,1600 BLOCK LITTLE RAVEN ST,3139281,1700197
2012399787,8/28/2012 0:00,810,REFUSED BY DA - NO LIKELIHOOD OF CONVICTION,5309,5309-0,HARASSMENT,ANTI-HOMOSEXUAL (GAY AND LESBIAN),22,SCHOOL/COLLEGE,900 BLOCK S HAZEL CT,3132883,1680210
2012403951,8/31/2012 0:00,2300,ACCEPTED BY DA - ARREST MADE OR CITATION ISSUED,1315,1315-0,AGGRAVATED ASSAULT,ANTI-WHITE,20,RESIDENCE/HOME                                                                 ,2400 BLOCK W MEXICO AVE,3136171,1675016
2012407712,9/3/2012 0:00,1410,ACCEPTED BY DA - ARREST MADE OR CITATION ISSUED,5099,5099-0,OBSTRUCTING GOVT OPERATION,ANTI-HOMOSEXUAL (GAY AND LESBIAN),20,RESIDENCE/HOME                                                                 ,800 BLOCK N DEXTER ST,3159439,1691086
2012407712,9/3/2012 0:00,1410,ACCEPTED BY DA - ARREST MADE OR CITATION ISSUED,5006,5006-0,INTIMIDATION OF A WITNESS,ANTI-HOMOSEXUAL (GAY AND LESBIAN),13,RESIDENCE/HOME                                                                 ,800 BLOCK N DEXTER ST,3159439,1691086
2012407712,9/3/2012 0:00,1410,ACCEPTED BY DA - ARREST MADE OR CITATION ISSUED,2999,2999-1,CRIMINAL MISCHIEF - MTR VEH,ANTI-HOMOSEXUAL (GAY AND LESBIAN),18,RESIDENCE/HOME                                                                 ,800 BLOCK N DEXTER ST,3159439,1691086
2012443545,9/23/2012 0:00,1750,ACCEPTED BY DA - ARREST MADE OR CITATION ISSUED,1316,1316-0,THREATS TO INJURE,ANTI-WHITE,20,RESIDENCE/HOME                                                                 ,800 BLOCK N LIPAN ST,3140086,1691148
2012458701,9/30/2012 0:00,1230,INACTIVE,1315,1315-0,AGGRAVATED ASSAULT,ANTI-MALE HOMOSEXUAL (GAY),3,BAR/NIGHT CLUB                                                                 ,2000 BLOCK LARIMER ST,3142944,1699722
2012460971,10/3/2012 0:00,1545,VIC REFUSES TO COOP-NOT PRESENTED/REFUSED BY DA,2999,2999-0,CRIMINAL MISCHIEF - OTHER,ANTI-BLACK,20,RESIDENCE/HOME                                                                 ,2800 BLOCK N GARFIELD ST,3156186,1701193
2012470400,10/3/2012 0:00,900,INACTIVE,1316,1316-0,THREATS TO INJURE,ANTI-ISLAMIC,21,RESTAURANT                                                                     ,1800 BLOCK E EVANS AVE,3150427,1672378
2012471265,10/8/2012 0:00,1200,INACTIVE,2999,2999-2,CRIMINAL MISCHIEF - GRAFFITI,ANTI-HISPANIC,5,COMMERCIAL/OFFICE BUILDING                                                     ,1600 BLOCK N VINE ST,3151131,1695542
2012471768,10/10/2012 0:00,1430,VIC REFUSES TO COOP-NOT PRESENTED/REFUSED BY DA,2204,2204-0,BURGLARY - RESIDENCE NO FORCE,ANTI-BLACK,20,RESIDENCE/HOME                                                                 ,2800 BLOCK N GARFIELD ST,3156186,1701193
2012471768,10/10/2012 0:00,1430,VIC REFUSES TO COOP-NOT PRESENTED/REFUSED BY DA,2999,2999-2,CRIMINAL MISCHIEF - GRAFFITI,ANTI-BLACK,20,RESIDENCE/HOME                                                                 ,2800 BLOCK N GARFIELD ST,3156186,1701193
2012545217,11/24/2012 0:00,210,INACTIVE,1315,1315-0,AGGRAVATED ASSAULT,ANTI-HOMOSEXUAL (GAY AND LESBIAN),13,HIGHWAY/ROAD/ALLEY/STREET/SIDEWALK                                             ,1400 BLOCK BLK CLARKSON / EMERSON ST,,
2012563984,12/5/2012 0:00,2255,INACTIVE,1205,1205-0,ROBBERY - STREET,ANTI-OTHER ETHNICITY/NATIONAL ORIGIN,13,HIGHWAY/ROAD/ALLEY/STREET/SIDEWALK                                             ,4500 BLOCK S MONACO ST,3166184,1655058
201372349,2/13/2013 0:00,2045,INACTIVE,1205,1205-0,ROBBERY - STREET,ANTI-HOMOSEXUAL (GAY AND LESBIAN),13,HIGHWAY/ROAD/ALLEY/STREET/SIDEWALK                                             ,800 BLOCK 16TH ST,3142469,1696960
201383397,2/20/2013 0:00,447,REFUSED BY DA - NO LIKELIHOOD OF CONVICTION,5309,5309-0,HARASSMENT,ANTI-JEWISH,4,CHURCH/SYNAGOGUE/TEMPLE/MOSQUE                                                 ,3500 BLOCK S GLENCOE ST,3161501,1662948
201383397,2/20/2013 0:00,447,REFUSED BY DA - NO LIKELIHOOD OF CONVICTION,1316,1316-0,THREATS TO INJURE,ANTI-JEWISH,4,CHURCH/SYNAGOGUE/TEMPLE/MOSQUE                                                 ,3500 BLOCK S GLENCOE ST,3161501,1662948
201393009,2/26/2013 0:00,1025,INACTIVE,5309,5309-0,HARASSMENT,ANTI-BLACK,24,SPECIALTY STORE                                                                ,200 BLOCK E 17TH AVE,3144957,1696054
2013143245,3/29/2013 0:00,1700,INACTIVE,1315,1315-2,MENACING - FELONY W/WEAP,ANTI-HOMOSEXUAL (GAY AND LESBIAN),18,PARKING LOT/GARAGE                                                             ,E EASTMAN AVE / S TAMARAC DR,3168931,1664936
20136003579,4/16/2013 0:00,1730,INACTIVE,2999,2999-2,CRIMINAL MISCHIEF - GRAFFITI,ANTI-MULTI-RACIAL GROUP,20,RESIDENCE/HOME                                                                 ,20500 BLOCK E 45TH AVE,3211356,1709449
2013187278,4/27/2013 0:00,2030,INACTIVE,1313,1313-0,ASSAULT - SIMPLE,ANTI-MULTI-RACIAL GROUP,1,AIR/BUS/TRAIN TERMINAL                                                         ,16TH ST / MARKET ST,3141063,1698412
2013187922,4/28/2013 0:00,230,ACCEPTED BY DA - ARREST MADE OR CITATION ISSUED,1315,1315-0,AGGRAVATED ASSAULT,ANTI-BLACK,13,HIGHWAY/ROAD/ALLEY/STREET/SIDEWALK                                             ,E 39TH AVE / N PEORIA ST,3183545,1706408
2013218827,5/16/2013 0:00,700,INACTIVE - EARLY CASE CLOSURE,2999,2999-2,CRIMINAL MISCHIEF - GRAFFITI,ANTI-CATHOLIC,20,RESIDENCE/HOME                                                                 ,8000 BLOCK E GIRARD AVE,3169920,1663798
2013227636,5/21/2013 0:00,1825,REFUSED BY DA - NO LIKELIHOOD OF CONVICTION,1316,1316-0,THREATS TO INJURE,ANTI-JEWISH,13,HIGHWAY/ROAD/ALLEY/STREET/SIDEWALK                                             ,700 BLOCK S LEYDEN ST,3164578,1681245
2013226988,5/21/2013 0:00,515,INACTIVE,1205,1205-0,ROBBERY - STREET,ANTI-WHITE,13,HIGHWAY/ROAD/ALLEY/STREET/SIDEWALK                                             ,2200 BLOCK ARAPAHOE ST,3143952,1699719
2013242795,5/29/2013 0:00,900,INACTIVE,5309,5309-0,HARASSMENT,ANTI-OTHER ETHNICITY/NATIONAL ORIGIN,4,CHURCH/SYNAGOGUE/TEMPLE/MOSQUE                                                 ,1800 BLOCK N BROADWAY ST,3144206,1696702
2013243492,5/30/2013 0:00,2100,INACTIVE,1205,1205-0,ROBBERY - STREET,ANTI-MALE HOMOSEXUAL (GAY),13,HIGHWAY/ROAD/ALLEY/STREET/SIDEWALK                                             ,1400 BLOCK S ACOMA ST,3143911,1676720
2013250362,6/3/2013 0:00,1800,ARREST/CITATION - NOT PRESENTED/REFUSED BY DA,1313,1313-0,ASSAULT - SIMPLE,ANTI-MALE HOMOSEXUAL (GAY),13,HIGHWAY/ROAD/ALLEY/STREET/SIDEWALK                                             ,400 BLOCK E 11TH AVE,3145714,1692589
2013271816,6/15/2013 0:00,1,INACTIVE,1313,1313-0,ASSAULT - SIMPLE,ANTI-HOMOSEXUAL (GAY AND LESBIAN),25,OTHER/UNKNOWN                                                                  ,13800 BLOCK E ALBROOK DR,3186521,1708959
2013272908,6/15/2013 0:00,1700,ACCEPTED BY DA - ARREST MADE OR CITATION ISSUED,1313,1313-0,ASSAULT - SIMPLE,ANTI-MALE HOMOSEXUAL (GAY),13,HIGHWAY/ROAD/ALLEY/STREET/SIDEWALK                                             ,25TH ST / WELTON ST,3146075,1699553
2013272908,6/15/2013 0:00,1700,ACCEPTED BY DA - ARREST MADE OR CITATION ISSUED,2399,2399-0,THEFT - OTHER,ANTI-MALE HOMOSEXUAL (GAY),13,HIGHWAY/ROAD/ALLEY/STREET/SIDEWALK                                             ,25TH ST / WELTON ST,3146075,1699553
2013447454,6/15/2013 0:00,1115,VIC REFUSES TO COOP-NOT PRESENTED/REFUSED BY DA,5309,5309-0,HARASSMENT,ANTI-ASIAN/PACIFIC ISLANDER,7,CONVENIENCE STORE                                                              ,4600 BLOCK N STEELE ST,3154937,1709999
2013273068,6/16/2013 0:00,1430,INACTIVE,1315,1315-0,AGGRAVATED ASSAULT,ANTI-BLACK,13,HIGHWAY/ROAD/ALLEY/STREET/SIDEWALK                                             ,E EVANS AVE / S DAHLIA ST,3159981,1672509
2013288037,6/24/2013 0:00,700,VIC REFUSES TO COOP-NOT PRESENTED/REFUSED BY DA,2999,2999-0,CRIMINAL MISCHIEF - OTHER,ANTI-HOMOSEXUAL (GAY AND LESBIAN),20,RESIDENCE/HOME                                                                 ,1800 BLOCK S QUEBEC WAY,3170571,1674383
2013290277,6/26/2013 0:00,5,INACTIVE,2999,2999-1,CRIMINAL MISCHIEF - MTR VEH,ANTI-HOMOSEXUAL (GAY AND LESBIAN),13,HIGHWAY/ROAD/ALLEY/STREET/SIDEWALK                                             ,1400 BLOCK N TAMARAC ST,3170168,1694585
2013290277,6/26/2013 0:00,5,INACTIVE,5707,5707-0,CRIMINAL TRESPASSING,ANTI-HOMOSEXUAL (GAY AND LESBIAN),13,HIGHWAY/ROAD/ALLEY/STREET/SIDEWALK                                             ,1400 BLOCK N TAMARAC ST,3170168,1694585
2013290277,6/26/2013 0:00,5,INACTIVE,1316,1316-0,THREATS TO INJURE,ANTI-HOMOSEXUAL (GAY AND LESBIAN),13,HIGHWAY/ROAD/ALLEY/STREET/SIDEWALK                                             ,1400 BLOCK N TAMARAC ST,3170168,1694585
2013303673,7/2/2013 0:00,2100,INACTIVE,2999,2999-1,CRIMINAL MISCHIEF - MTR VEH,ANTI-ISLAMIC,18,PARKING LOT/GARAGE                                                             ,2100 BLOCK S BIRCH ST,3158739,1672220
2013323034,7/12/2013 0:00,2240,INACTIVE,5399,5399-0,PUBLIC PEACE OTHER,ANTI-ASIAN/PACIFIC ISLANDER,1,AIR/BUS/TRAIN TERMINAL                                                         ,1800 BLOCK S FEDERAL BLVD,3133701,1674074
2013341794,7/22/2013 0:00,1800,INACTIVE,2999,2999-2,CRIMINAL MISCHIEF - GRAFFITI,ANTI-MULTI-RACIAL GROUP,9,DRUG STORE/DR'S OFFICE/HOSPITAL                                                ,1700 BLOCK E 19TH AVE,3149929,1697218
2013378410,8/11/2013 0:00,2140,ACCEPTED BY DA - ARREST MADE OR CITATION ISSUED,2999,2999-0,CRIMINAL MISCHIEF - OTHER,ANTI-OTHER ETHNICITY/NATIONAL ORIGIN,7,CONVENIENCE STORE                                                              ,4400 BLOCK N SHERIDAN BLVD,3125677,1708611
2013378410,8/11/2013 0:00,2140,ACCEPTED BY DA - ARREST MADE OR CITATION ISSUED,2999,2999-2,CRIMINAL MISCHIEF - GRAFFITI,ANTI-OTHER ETHNICITY/NATIONAL ORIGIN,7,CONVENIENCE STORE                                                              ,4400 BLOCK N SHERIDAN BLVD,3125677,1708611
2013381710,8/13/2013 0:00,1715,INACTIVE - EARLY CASE CLOSURE,2999,2999-0,CRIMINAL MISCHIEF - OTHER,ANTI-MULTI-RELIGION GROUP,13,HIGHWAY/ROAD/ALLEY/STREET/SIDEWALK                                             ,2700 BLOCK S FOREST ST,3161018,1668339
2013391165,8/18/2013 0:00,1200,REFUSED BY DA - NO LIKELIHOOD OF CONVICTION,5309,5309-0,HARASSMENT,ANTI-HOMOSEXUAL (GAY AND LESBIAN),25,OTHER/UNKNOWN                                                                  ,700 BLOCK E 18TH AVE,3146829,1696664
2013404663,8/26/2013 0:00,0,INACTIVE,1315,1315-0,AGGRAVATED ASSAULT,ANTI-MALE HOMOSEXUAL (GAY),13,HIGHWAY/ROAD/ALLEY/STREET/SIDEWALK                                             ,S ALBION ST / E MEXICO AVE,3157757,1675127
2013404663,8/26/2013 0:00,0,INACTIVE,1315,1315-2,MENACING - FELONY W/WEAP,ANTI-MALE HOMOSEXUAL (GAY),13,HIGHWAY/ROAD/ALLEY/STREET/SIDEWALK                                             ,S ALBION ST / E MEXICO AVE,3157757,1675127
2013409157,8/28/2013 0:00,1340,ARREST/CITATION - NOT PRESENTED/REFUSED BY DA,5312,5312-0,DISTURBING THE PEACE,ANTI-ISLAMIC,25,OTHER/UNKNOWN                                                                  ,1500 BLOCK COURT PL,3143674,1695455
2013409157,8/28/2013 0:00,1340,ARREST/CITATION - NOT PRESENTED/REFUSED BY DA,1313,1313-0,ASSAULT - SIMPLE,ANTI-ISLAMIC,25,OTHER/UNKNOWN                                                                  ,1500 BLOCK COURT PL,3143674,1695455
2013427933,9/7/2013 0:00,130,INACTIVE,1205,1205-0,ROBBERY - STREET,ANTI-HOMOSEXUAL (GAY AND LESBIAN),13,HIGHWAY/ROAD/ALLEY/STREET/SIDEWALK                                             ,E COLFAX AVE / N PENNSYLVANIA ST,3145924,1694851
2013439775,9/13/2013 0:00,1650,ARREST/CITATION - NOT PRESENTED/REFUSED BY DA,1313,1313-0,ASSAULT - SIMPLE,ANTI-BLACK,10,FIELD/WOODS (DOES NOT INCLUDE PARKS)                                           ,1500 BLOCK ARAPAHOE ST,3141658,1697498
2013442565,9/15/2013 0:00,120,INACTIVE - PENDING LAB ANALYSIS RESULTS,1315,1315-0,AGGRAVATED ASSAULT,ANTI-HOMOSEXUAL (GAY AND LESBIAN),13,HIGHWAY/ROAD/ALLEY/STREET/SIDEWALK                                             ,BLAKE ST / 33RD ST,3146564,1704471
2013443944,9/15/2013 0:00,1120,INACTIVE,1313,1313-0,ASSAULT - SIMPLE,ANTI-BLACK,13,HIGHWAY/ROAD/ALLEY/STREET/SIDEWALK                                             ,2200 BLOCK W ALAMEDA AVE,3136682,1684418
2013446333,9/17/2013 0:00,840,VIC REFUSES TO COOP-NOT PRESENTED/REFUSED BY DA,5309,5309-0,HARASSMENT,ANTI-BLACK,20,RESIDENCE/HOME                                                                 ,5100 BLOCK N ORLEANS CT,3214445,1713163
2013508393,10/21/2013 0:00,2207,INACTIVE,5312,5312-0,DISTURBING THE PEACE,ANTI-TRANSGENDER,21,RESTAURANT                                                                     ,200 BLOCK 16TH ST,3143897,1695450
2013524011,10/30/2013 0:00,1700,INACTIVE,1313,1313-0,ASSAULT - SIMPLE,ANTI-HOMOSEXUAL (GAY AND LESBIAN),10,FIELD/WOODS (DOES NOT INCLUDE PARKS)                                           ,15500 BLOCK E 53RD AVE,3195033,1714298
2013537564,11/6/2013 0:00,1450,INACTIVE,1316,1316-0,THREATS TO INJURE,ANTI-MALE HOMOSEXUAL (GAY),53,SCHOOL - ELEMENTARY/SECONDARY                                                  ,600 BLOCK S MONACO ST,3165020,1682174
2013582599,12/1/2013 0:00,1830,INACTIVE,1109,1109-0,SEX ASLT - NON-RAPE,ANTI-HOMOSEXUAL (GAY AND LESBIAN),13,HIGHWAY/ROAD/ALLEY/STREET/SIDEWALK                                             ,E 16TH AVE / N PEARL ST,3146260,1695452
2013584355,12/4/2013 0:00,1730,ACCEPTED BY DA - ARREST MADE OR CITATION ISSUED,1315,1315-2,MENACING - FELONY W/WEAP,ANTI-HOMOSEXUAL (GAY AND LESBIAN),13,HIGHWAY/ROAD/ALLEY/STREET/SIDEWALK                                             ,E 45TH AVE / N HAVANA ST,3178245,1709174
2013622201,12/27/2013 0:00,1900,ARREST/CITATION - NOT PRESENTED/REFUSED BY DA,1316,1316-0,THREATS TO INJURE,ANTI-WHITE,15,JAIL/PRISON/PENETENTIARY/CORRECTIONS FACILITY                                  ,400 BLOCK W COLFAX AVE,3142418,1694739
2014160568,3/29/2014 0:00,1300,INACTIVE - EARLY CASE CLOSURE,2999,2999-2,CRIMINAL MISCHIEF - GRAFFITI,ANTI-WHITE,20,RESIDENCE/HOME                                                                 ,3100 BLOCK S TAMARAC DR,3168401,1665145
2014247849,5/16/2014 0:00,145,INACTIVE,1315,1315-0,AGGRAVATED ASSAULT,ANTI-HOMOSEXUAL (GAY AND LESBIAN),3,BAR/NIGHT CLUB                                                                 ,3500 BLOCK WALNUT ST,3147584,1704943
2014250801,5/17/2014 0:00,1600,INACTIVE,1313,1313-0,ASSAULT - SIMPLE,ANTI-WHITE,13,HIGHWAY/ROAD/ALLEY/STREET/SIDEWALK                                             ,24TH ST / LAWRENCE ST,3144264,1700664
2014267107,5/26/2014 0:00,455,ACCEPTED BY DA - ARREST MADE OR CITATION ISSUED,1313,1313-0,ASSAULT - SIMPLE,ANTI-FEMALE HOMOSEXUAL (LESBIAN),18,GOVERNMENT/PUBLIC BUILDING                                                     ,400 BLOCK W COLFAX AVE,3142418,1694739
2014267107,5/26/2014 0:00,455,ACCEPTED BY DA - ARREST MADE OR CITATION ISSUED,3572,3572-0,DRUG - METHAMPETAMINE POSSESS,ANTI-FEMALE HOMOSEXUAL (LESBIAN),11,GOVERNMENT/PUBLIC BUILDING                                                     ,400 BLOCK W COLFAX AVE,3142418,1694739
2014267107,5/26/2014 0:00,455,ACCEPTED BY DA - ARREST MADE OR CITATION ISSUED,5312,5312-0,DISTURBING THE PEACE,ANTI-FEMALE HOMOSEXUAL (LESBIAN),18,GOVERNMENT/PUBLIC BUILDING                                                     ,400 BLOCK W COLFAX AVE,3142418,1694739
2014316135,6/20/2014 0:00,1935,ARREST/CITATION - NOT PRESENTED/REFUSED BY DA,1313,1313-0,ASSAULT - SIMPLE,ANTI-HOMOSEXUAL (GAY AND LESBIAN),13,HIGHWAY/ROAD/ALLEY/STREET/SIDEWALK                                             ,E 14TH AVE / N GRANT ST,3145227,1694268
2014400389,7/13/2014 0:00,100,INACTIVE,1315,1315-0,AGGRAVATED ASSAULT,ANTI-HOMOSEXUAL (GAY AND LESBIAN),13,HIGHWAY/ROAD/ALLEY/STREET/SIDEWALK                                             ,800 BLOCK N BROADWAY ST,3144243,1690927
2014366712,7/15/2014 0:00,1910,VIC REFUSES TO COOP-NOT PRESENTED/REFUSED BY DA,1313,1313-0,ASSAULT - SIMPLE,ANTI-HISPANIC,12,GROCERY/SUPERMARKET                                                            ,5100 BLOCK N CHAMBERS RD,3193189,1711503
2014403171,8/2/2014 0:00,2230,INACTIVE - EARLY CASE CLOSURE,2999,2999-1,CRIMINAL MISCHIEF - MTR VEH,ANTI-OTHER ETHNICITY/NATIONAL ORIGIN,20,RESIDENCE/HOME                                                                 ,4000 BLOCK N ORLEANS ST,3214178,1706958
2014430788,8/16/2014 0:00,2030,ARREST/CITATION - NOT PRESENTED/REFUSED BY DA,2999,2999-1,CRIMINAL MISCHIEF - MTR VEH,ANTI-OTHER ETHNICITY/NATIONAL ORIGIN,13,HIGHWAY/ROAD/ALLEY/STREET/SIDEWALK                                             ,1300 BLOCK GLENARM PL,3142393,1695228
2014430788,8/16/2014 0:00,2030,ARREST/CITATION - NOT PRESENTED/REFUSED BY DA,1313,1313-0,ASSAULT - SIMPLE,ANTI-OTHER ETHNICITY/NATIONAL ORIGIN,13,HIGHWAY/ROAD/ALLEY/STREET/SIDEWALK                                             ,1300 BLOCK GLENARM PL,3142393,1695228
2014453146,8/28/2014 0:00,830,REFUSED BY DA - OTHER REASON,1313,1313-0,ASSAULT - SIMPLE,ANTI-MALE HOMOSEXUAL (GAY),7,CONVENIENCE STORE                                                              ,1300 BLOCK W COLFAX AVE,3139597,1694681
2014487434,9/13/2014 0:00,2030,INACTIVE,1205,1205-0,ROBBERY - STREET,ANTI-FEMALE HOMOSEXUAL (LESBIAN),50,PARK/PLAYGROUND                                                                ,3700 BLOCK N MARION ST,3148393,1705678
2014489264,9/15/2014 0:00,1900,REFUSED BY DA - NO LIKELIHOOD OF CONVICTION,1315,1315-2,MENACING - FELONY W/WEAP,ANTI-WHITE,25,OTHER/UNKNOWN                                                                  ,16TH ST / CURTIS ST,3142057,1697444
2014530462,10/6/2014 0:00,1030,INACTIVE,1316,1316-0,THREATS TO INJURE,ANTI-WHITE,13,HIGHWAY/ROAD/ALLEY/STREET/SIDEWALK                                             ,5200 BLOCK E COLFAX AVE,3161316,1695098
2014555832,10/19/2014 0:00,930,REFUSED BY DA - INSUFFICIENT ID EVID,1315,1315-0,AGGRAVATED ASSAULT,ANTI-HOMOSEXUAL (GAY AND LESBIAN),13,HIGHWAY/ROAD/ALLEY/STREET/SIDEWALK                                             ,2600 BLOCK WELTON ST,3146602,1700044
2014590263,10/25/2014 0:00,1200,ACCEPTED BY DA - ARREST MADE OR CITATION ISSUED,5309,5309-3,HARASSMENT - SEXUAL IN NATURE,ANTI-ASIAN/PACIFIC ISLANDER,20,RESIDENCE/HOME                                                                 ,4500 BLOCK S MONACO ST,3166184,1655058
2014626738,11/24/2014 0:00,2300,INACTIVE,1205,1205-0,ROBBERY - STREET,ANTI-WHITE,13,HIGHWAY/ROAD/ALLEY/STREET/SIDEWALK                                             ,2300 BLOCK COURT PL,3146255,1698169
2014668766,12/18/2014 0:00,715,VIC REFUSES TO COOP-NOT PRESENTED/REFUSED BY DA,1316,1316-0,THREATS TO INJURE,ANTI-BLACK,13,HIGHWAY/ROAD/ALLEY/STREET/SIDEWALK                                             ,E 18TH AVE / N LOGAN ST,3145572,1696612
201554912,1/28/2015 0:00,2235,INACTIVE - EARLY CASE CLOSURE,1315,1315-2,MENACING - FELONY W/WEAP,ANTI-HISPANIC,5,COMMERCIAL/OFFICE BUILDING                                                     ,6800 BLOCK E TENNESSEE AVE,3166336,1680004
201563298,2/2/2015 0:00,200,ARREST/CITATION - NOT PRESENTED/REFUSED BY DA,1313,1313-0,ASSAULT - SIMPLE,ANTI-BLACK,13,HIGHWAY/ROAD/ALLEY/STREET/SIDEWALK                                             ,19TH ST / WAZEE ST,3141591,1699923
2015115297,3/1/2015 0:00,110,INACTIVE,1313,1313-0,ASSAULT - SIMPLE,ANTI-WHITE,13,HIGHWAY/ROAD/ALLEY/STREET/SIDEWALK                                             ,E 13TH AVE / N MARION ST,3148533,1693718
2015250812,5/6/2015 0:00,1950,ACCEPTED BY DA - ARREST MADE OR CITATION ISSUED,1313,1313-0,ASSAULT - SIMPLE,ANTI-HISPANIC,57,COMMUNITY CENTER                                                               ,3700 BLOCK N LAFAYETTE ST,3148597,1705606
2015293970,5/26/2015 0:00,50,VIC REFUSES TO COOP-NOT PRESENTED/REFUSED BY DA,1210,1210-0,ROBBERY - PURSE SNATCH W/FORCE,ANTI-MALE HOMOSEXUAL (GAY),13,HIGHWAY/ROAD/ALLEY/STREET/SIDEWALK                                             ,1500 BLOCK BLK N PENNSYLVANIA AVE,,
2015296261,5/29/2015 0:00,1815,ARREST/CITATION - NOT PRESENTED/REFUSED BY DA,1316,1316-0,THREATS TO INJURE,ANTI-HOMOSEXUAL (GAY AND LESBIAN),13,HIGHWAY/ROAD/ALLEY/STREET/SIDEWALK                                             ,E COLFAX AVE / N DOWNING ST,3148176,1694866
2015315802,6/7/2015 0:00,1130,INACTIVE,1315,1315-0,AGGRAVATED ASSAULT,ANTI-HOMOSEXUAL (GAY AND LESBIAN),13,HIGHWAY/ROAD/ALLEY/STREET/SIDEWALK                                             ,300 BLOCK E 20TH AVE,3145275,1697563
2015333397,6/10/2015 0:00,1200,ARREST/CITATION - NOT PRESENTED/REFUSED BY DA,1316,1316-0,THREATS TO INJURE,ANTI-HOMOSEXUAL (GAY AND LESBIAN),13,HIGHWAY/ROAD/ALLEY/STREET/SIDEWALK                                             ,3400 BLOCK S LOCUST ST,3164711,1663939
2015333616,6/15/2015 0:00,1830,INACTIVE,1205,1205-0,ROBBERY - STREET,ANTI-HOMOSEXUAL (GAY AND LESBIAN),13,HIGHWAY/ROAD/ALLEY/STREET/SIDEWALK                                             ,E MLK BLVD / N DAHLIA ST,3159763,1702909
2015338667,6/17/2015 0:00,2330,INACTIVE,2999,2999-2,CRIMINAL MISCHIEF - GRAFFITI,ANTI-OTHER RELIGION,20,RESIDENCE/HOME                                                                 ,1200 BLOCK S BELLAIRE ST,3158211,1678062
20158021395,6/27/2015 0:00,1335,ARREST/CITATION - NOT PRESENTED/REFUSED BY DA,5312,5312-0,DISTURBING THE PEACE,ANTI-BLACK,1,AIR/BUS/TRAIN TERMINAL                                                         ,8400 BLOCK PENA BLVD,3231977,1735292
2015375817,7/4/2015 0:00,2138,INACTIVE,1315,1315-0,AGGRAVATED ASSAULT,ANTI-WHITE,50,PARK/PLAYGROUND                                                                ,4800 BLOCK N ARGONNE WAY,3207756,1713299
2015392309,7/12/2015 0:00,130,ACCEPTED BY DA - ARREST MADE OR CITATION ISSUED,1313,1313-0,ASSAULT - SIMPLE,ANTI-FEMALE HOMOSEXUAL (LESBIAN),13,HIGHWAY/ROAD/ALLEY/STREET/SIDEWALK                                             ,N BROADWAY ST / E 10TH AVE,3144169,1691933
2015406120,7/18/2015 0:00,1920,ARREST/CITATION - NOT PRESENTED/REFUSED BY DA,5312,5312-0,DISTURBING THE PEACE,ANTI-BLACK,20,RESIDENCE/HOME                                                                 ,7700 BLOCK E QUINCY AVE,3169240,1658522
2015444759,8/5/2015 0:00,1300,REFUSED BY DA - OTHER REASON,5309,5309-0,HARASSMENT,ANTI-JEWISH,13,HIGHWAY/ROAD/ALLEY/STREET/SIDEWALK                                             ,8100 BLOCK E FAIRMOUNT DR,3171043,1685274
2015444830,8/5/2015 0:00,1500,REFUSED BY DA - NO LIKELIHOOD OF CONVICTION,1313,1313-0,ASSAULT - SIMPLE,ANTI-FEMALE HOMOSEXUAL (LESBIAN),20,RESIDENCE/HOME                                                                 ,3900 BLOCK N ELATI ST,3142717,1706283
2015482329,8/22/2015 0:00,1650,ACCEPTED BY DA - ARREST MADE OR CITATION ISSUED,1316,1316-0,THREATS TO INJURE,ANTI-ISLAMIC,18,PARKING LOT/GARAGE                                                             ,18600 BLOCK E GVR BLVD,3205626,1711255
2015523553,9/10/2015 0:00,130,ACCEPTED BY DA - ARREST MADE OR CITATION ISSUED,1313,1313-0,ASSAULT - SIMPLE,ANTI-MALE HOMOSEXUAL (GAY),13,HIGHWAY/ROAD/ALLEY/STREET/SIDEWALK                                             ,E COLFAX AVE / N WASHINGTON ST,3146588,1694851
2015528801,9/11/2015 0:00,1520,INACTIVE,1313,1313-0,ASSAULT - SIMPLE,ANTI-HISPANIC,13,HIGHWAY/ROAD/ALLEY/STREET/SIDEWALK                                             ,S LOWELL BLVD / W ADA PL,3130992,1680681
2015528232,9/12/2015 0:00,125,INACTIVE,1315,1315-2,MENACING - FELONY W/WEAP,ANTI-WHITE,50,PARK/PLAYGROUND                                                                ,1300 BLOCK LARIMER ST,3140539,1697206
2015574170,10/2/2015 0:00,1700,REFUSED BY DA - OTHER REASON,1315,1315-0,AGGRAVATED ASSAULT,ANTI-HISPANIC,21,RESTAURANT                                                                     ,3200 BLOCK N COLORADO BLVD,3157378,1703198
2015614372,10/17/2015 0:00,1830,ACCEPTED BY DA - ARREST MADE OR CITATION ISSUED,1315,1315-0,AGGRAVATED ASSAULT,ANTI-FEMALE HOMOSEXUAL (LESBIAN),13,HIGHWAY/ROAD/ALLEY/STREET/SIDEWALK                                             ,200 BLOCK 16TH ST,3143897,1695450
2015645598,11/4/2015 0:00,140,ARREST/CITATION - NOT PRESENTED/REFUSED BY DA,1313,1313-0,ASSAULT - SIMPLE,ANTI-HOMOSEXUAL (GAY AND LESBIAN),13,HIGHWAY/ROAD/ALLEY/STREET/SIDEWALK                                             ,800 BLOCK E COLFAX AVE,3146931,1694824
2015671167,11/16/2015 0:00,1315,ACCEPTED BY DA - ARREST MADE OR CITATION ISSUED,5215,5215-0,BOMB THREAT,ANTI-BLACK,9,DRUG STORE/DR'S OFFICE/HOSPITAL                                                ,3500 BLOCK S TAMARAC DR,3169166,1662845
2015672859,11/17/2015 0:00,1337,REFUSED BY DA - NO LIKELIHOOD OF CONVICTION,1313,1313-0,ASSAULT - SIMPLE,ANTI-HOMOSEXUAL (GAY AND LESBIAN),13,HIGHWAY/ROAD/ALLEY/STREET/SIDEWALK                                             ,1100 BLOCK S FEDERAL BLVD,3133530,1678930
2015720231,12/10/2015 0:00,2100,REFERRED TO OTHER AGENCY,5309,5309-0,HARASSMENT,ANTI-ISLAMIC,20,RESIDENCE/HOME                                                                 ,4500 BLOCK S MONACO ST,3166184,1655058
201618818,1/10/2016 0:00,20,ARREST/CITATION - NOT PRESENTED/REFUSED BY DA,1316,1316-0,THREATS TO INJURE,ANTI-ISLAMIC,13,HIGHWAY/ROAD/ALLEY/STREET/SIDEWALK                                             ,S BROADWAY ST / E MISSISSIPPI AVE,3144234,1679035
201624653,1/12/2016 0:00,2120,REFUSED BY DA - NO LIKELIHOOD OF CONVICTION,1315,1315-0,AGGRAVATED ASSAULT,ANTI-HOMOSEXUAL (GAY AND LESBIAN),25,OTHER/UNKNOWN                                                                  ,1900 BLOCK 29TH ST,3144045,1704157
201670644,1/30/2016 0:00,2000,REFUSED BY DA - NO LIKELIHOOD OF CONVICTION,5309,5309-0,HARASSMENT,ANTI-BLACK,14,HOTEL/MOTEL/ETC.                                                               ,100 BLOCK N CLAYTON LN,3153149,1687209
201667555,1/31/2016 0:00,2130,VIC REFUSES TO COOP-NOT PRESENTED/REFUSED BY DA,1205,1205-0,ROBBERY - STREET,ANTI-WHITE,1,AIR/BUS/TRAIN TERMINAL                                                         ,900 BLOCK S BROADWAY ST,3144190,1680279
20165000590,2/17/2016 0:00,1706,INACTIVE,1313,1313-0,ASSAULT - SIMPLE,ANTI-WHITE,1,AIR/BUS/TRAIN TERMINAL                                                         ,800 BLOCK S BROADWAY ST,3144188,1680515
2016162768,3/14/2016 0:00,1430,ACCEPTED BY DA - ARREST MADE OR CITATION ISSUED,1313,1313-0,ASSAULT - SIMPLE,ANTI-ISLAMIC,52,SCHOOL - COLLEGE/UNIVERSITY                                                    ,1200 BLOCK 10TH ST,,
2016162768,3/14/2016 0:00,1430,ACCEPTED BY DA - ARREST MADE OR CITATION ISSUED,5016,5016-0,VIOLATION OF RESTRAINING ORDER,ANTI-ISLAMIC,52,SCHOOL - COLLEGE/UNIVERSITY                                                    ,1200 BLOCK 10TH ST,,
2017768445,3/15/2016 0:00,800,REFUSED BY DA - NO LIKELIHOOD OF CONVICTION,5309,5309-0,HARASSMENT,ANTI-HISPANIC,25,OTHER/UNKNOWN                                                                  ,1600 BLOCK WEWATTA ST,3139841,1699826
2016190434,3/27/2016 0:00,1230,ACCEPTED BY DA - ARREST MADE OR CITATION ISSUED,1313,1313-0,ASSAULT - SIMPLE,ANTI-HISPANIC,9,DRUG STORE/DR'S OFFICE/HOSPITAL                                                ,4500 BLOCK E 9TH AVE,3159039,1691869
2016223402,4/10/2016 0:00,49,ACCEPTED BY DA - ARREST MADE OR CITATION ISSUED,1316,1316-0,THREATS TO INJURE,ANTI-WHITE,13,HIGHWAY/ROAD/ALLEY/STREET/SIDEWALK                                             ,800 BLOCK W ALAMEDA AVE,3141662,1684298
2016277703,5/4/2016 0:00,1505,ACCEPTED BY DA - ARREST MADE OR CITATION ISSUED,3605,3605-0,INDECENT EXPOSURE,ANTI-OTHER ETHNICITY/NATIONAL ORIGIN,21,RESTAURANT                                                                     ,100 BLOCK N STEELE ST,3154674,1687234
2016317371,5/21/2016 0:00,800,REFUSED BY DA - NO LIKELIHOOD OF CONVICTION,1315,1315-0,AGGRAVATED ASSAULT,ANTI-TRANSGENDER,13,HIGHWAY/ROAD/ALLEY/STREET/SIDEWALK                                             ,W MISSISSIPPI AVE / S DALE CT,3134631,1679020
2016319472,5/21/2016 0:00,2300,VIC REFUSES TO COOP-NOT PRESENTED/REFUSED BY DA,1205,1205-0,ROBBERY - STREET,ANTI-WHITE,13,HIGHWAY/ROAD/ALLEY/STREET/SIDEWALK                                             ,5100 BLOCK E 29TH AVE,3160922,1701597
2016381311,6/17/2016 0:00,1656,ACCEPTED BY DA - ARREST MADE OR CITATION ISSUED,5309,5309-0,HARASSMENT,ANTI-HOMOSEXUAL (GAY AND LESBIAN),3,BAR/NIGHT CLUB                                                                 ,1500 BLOCK E COLFAX AVE,3149314,1694790
2016404597,6/27/2016 0:00,1535,ACCEPTED BY DA - ARREST MADE OR CITATION ISSUED,1313,1313-0,ASSAULT - SIMPLE,ANTI-MALE HOMOSEXUAL (GAY),15,JAIL/PRISON/PENETENTIARY/CORRECTIONS FACILITY                                  ,400 BLOCK W COLFAX AVE,3142418,1694739
2016404597,6/27/2016 0:00,1535,ACCEPTED BY DA - ARREST MADE OR CITATION ISSUED,2999,2999-0,CRIMINAL MISCHIEF - OTHER,ANTI-MALE HOMOSEXUAL (GAY),15,JAIL/PRISON/PENETENTIARY/CORRECTIONS FACILITY                                  ,400 BLOCK W COLFAX AVE,3142418,1694739
2016404597,6/27/2016 0:00,1535,ACCEPTED BY DA - ARREST MADE OR CITATION ISSUED,5802,5802-0,CONTRABAND - INTO PRISON,ANTI-MALE HOMOSEXUAL (GAY),15,JAIL/PRISON/PENETENTIARY/CORRECTIONS FACILITY                                  ,400 BLOCK W COLFAX AVE,3142418,1694739
2016520719,8/16/2016 0:00,1000,ARREST/CITATION - NOT PRESENTED/REFUSED BY DA,5312,5312-0,DISTURBING THE PEACE,ANTI-OTHER ETHNICITY/NATIONAL ORIGIN,15,JAIL/PRISON/PENETENTIARY/CORRECTIONS FACILITY                                  ,1200 BLOCK N YORK ST,3151827,1693663
2016630001,9/30/2016 0:00,0,REFUSED BY DA - NO LIKELIHOOD OF CONVICTION,1316,1316-0,THREATS TO INJURE,ANTI-TRANSGENDER,20,RESIDENCE/HOME                                                                 ,2100 BLOCK STOUT ST,3144562,1698927
2016630001,9/30/2016 0:00,0,REFUSED BY DA - NO LIKELIHOOD OF CONVICTION,5309,5309-0,HARASSMENT,ANTI-TRANSGENDER,20,RESIDENCE/HOME                                                                 ,2100 BLOCK STOUT ST,3144562,1698927
2016629763,10/1/2016 0:00,1520,REFUSED BY DA - NO LIKELIHOOD OF CONVICTION,1313,1313-0,ASSAULT - SIMPLE,ANTI-WHITE,13,HIGHWAY/ROAD/ALLEY/STREET/SIDEWALK                                             ,20TH ST / LARIMER ST,3142665,1699538
2016686183,10/26/2016 0:00,1145,INACTIVE,1316,1316-0,THREATS TO INJURE,ANTI-WHITE,12,GROCERY/SUPERMARKET                                                            ,700 BLOCK E 20TH AVE,3146910,1697792
2016716039,11/7/2016 0:00,2200,ARREST/CITATION - NOT PRESENTED/REFUSED BY DA,1313,1313-0,ASSAULT - SIMPLE,ANTI-BLACK,18,PARKING LOT/GARAGE                                                             ,12300 BLOCK E ALBROOK DR,3183998,1710284
2016716039,11/7/2016 0:00,2200,ARREST/CITATION - NOT PRESENTED/REFUSED BY DA,5312,5312-0,DISTURBING THE PEACE,ANTI-BLACK,18,PARKING LOT/GARAGE                                                             ,12300 BLOCK E ALBROOK DR,3183998,1710284
2016716474,11/8/2016 0:00,600,ACCEPTED BY DA - ARREST MADE OR CITATION ISSUED,2999,2999-1,CRIMINAL MISCHIEF - MTR VEH,ANTI-BLACK,18,PARKING LOT/GARAGE                                                             ,6800 BLOCK E TENNESSEE AVE,3166175,1679640
2016720419,11/9/2016 0:00,800,INACTIVE,2999,2999-0,CRIMINAL MISCHIEF - OTHER,ANTI-WHITE,20,RESIDENCE/HOME                                                                 ,1300 BLOCK N YOSEMITE ST,3172959,1694445
2016725630,11/12/2016 0:00,230,ACCEPTED BY DA - ARREST MADE OR CITATION ISSUED,2999,2999-1,CRIMINAL MISCHIEF - MTR VEH,ANTI-BLACK,18,PARKING LOT/GARAGE                                                             ,6800 BLOCK E TENNESSEE AVE,3166175,1679640
2016726666,11/12/2016 0:00,1915,REFUSED BY DA - INSUFFICIENT ID EVID,2999,2999-2,CRIMINAL MISCHIEF - GRAFFITI,ANTI-MALE HOMOSEXUAL (GAY),20,RESIDENCE/HOME                                                                 ,1900 BLOCK E 13TH AVE,3150627,1693840
2016733387,11/15/2016 0:00,1923,INACTIVE,1313,1313-0,ASSAULT - SIMPLE,ANTI-MULTI-RACIAL GROUP,13,HIGHWAY/ROAD/ALLEY/STREET/SIDEWALK                                             ,4500 BLOCK N TEJON ST,3137478,1709342
2016734313,11/16/2016 0:00,130,INACTIVE,2999,2999-1,CRIMINAL MISCHIEF - MTR VEH,ANTI-TRANSGENDER,13,HIGHWAY/ROAD/ALLEY/STREET/SIDEWALK                                             ,1300 BLOCK N HUMBOLDT ST,3149209,1694002
2016748406,11/22/2016 0:00,900,REFUSED BY DA - NO LIKELIHOOD OF CONVICTION,1316,1316-0,THREATS TO INJURE,ANTI-TRANSGENDER,20,RESIDENCE/HOME                                                                 ,1700 BLOCK CHAMPA ST,3142838,1697655
2016755611,11/26/2016 0:00,1515,INACTIVE - PENDING LAB ANALYSIS RESULTS,1313,1313-0,ASSAULT - SIMPLE,ANTI-BLACK,13,HIGHWAY/ROAD/ALLEY/STREET/SIDEWALK                                             ,E 23RD AVE / N CLARKSON ST,3147069,1698758
2016759855,11/27/2016 0:00,1630,INACTIVE,2999,2999-1,CRIMINAL MISCHIEF - MTR VEH,ANTI-JEWISH,18,PARKING LOT/GARAGE                                                             ,6900 BLOCK E GIRARD AVE,3167302,1663927
2016761897,11/29/2016 0:00,1535,ARREST/CITATION - NOT PRESENTED/REFUSED BY DA,5312,5312-0,DISTURBING THE PEACE,ANTI-HISPANIC,21,RESTAURANT                                                                     ,1300 BLOCK 21ST ST,3142880,1699938
2016761897,11/29/2016 0:00,1535,ARREST/CITATION - NOT PRESENTED/REFUSED BY DA,5599,5599-0,HEALTH VIOLATIONS,ANTI-HISPANIC,21,RESTAURANT                                                                     ,1300 BLOCK 21ST ST,3142880,1699938
2016761897,11/29/2016 0:00,1535,ARREST/CITATION - NOT PRESENTED/REFUSED BY DA,5707,5707-0,CRIMINAL TRESPASSING,ANTI-HISPANIC,21,RESTAURANT                                                                     ,1300 BLOCK 21ST ST,3142880,1699938
2016761897,11/29/2016 0:00,1535,ARREST/CITATION - NOT PRESENTED/REFUSED BY DA,1316,1316-0,THREATS TO INJURE,ANTI-HISPANIC,21,RESTAURANT                                                                     ,1300 BLOCK 21ST ST,3142880,1699938
2016775327,12/4/2016 0:00,1340,INACTIVE,1313,1313-0,ASSAULT - SIMPLE,ANTI-CATHOLIC,50,PARK/PLAYGROUND                                                                ,W 17TH AVE / N PERRY ST,3129548,1696193
2016775690,12/5/2016 0:00,1710,ACCEPTED BY DA - ARREST MADE OR CITATION ISSUED,1313,1313-0,ASSAULT - SIMPLE,ANTI-TRANSGENDER,13,HIGHWAY/ROAD/ALLEY/STREET/SIDEWALK                                             ,W IOWA AVE / S ACOMA ST,3143883,1675733
201727126,1/11/2017 0:00,1200,VIC REFUSES TO COOP-NOT PRESENTED/REFUSED BY DA,5309,5309-0,HARASSMENT,ANTI-OTHER ETHNICITY/NATIONAL ORIGIN,20,RESIDENCE/HOME                                                                 ,7100 BLOCK E MISSISSIPPI AVE,3167163,1678018
201766353,1/30/2017 0:00,1231,VIC REFUSES TO COOP-NOT PRESENTED/REFUSED BY DA,1109,1109-0,SEX ASLT - NON-RAPE,ANTI-MENTAL DISABILITY,20,RESIDENCE/HOME                                                                 ,2200 BLOCK S JASMINE ST,3163262,1671541
201766746,1/30/2017 0:00,1300,REFUSED BY DA - NO LIKELIHOOD OF CONVICTION,1316,1316-0,THREATS TO INJURE,ANTI-ISLAMIC,21,RESTAURANT                                                                     ,1100 BLOCK 14TH ST,3141038,1697180
201783169,2/6/2017 0:00,1000,ACCEPTED BY DA - ARREST MADE OR CITATION ISSUED,1316,1316-0,THREATS TO INJURE,ANTI-ISLAMIC,21,RESTAURANT                                                                     ,1500 BLOCK N GRANT ST,3145128,1694983
2017105234,2/15/2017 0:00,800,ACCEPTED BY DA - ARREST MADE OR CITATION ISSUED,1315,1315-0,AGGRAVATED ASSAULT,ANTI-BLACK,13,HIGHWAY/ROAD/ALLEY/STREET/SIDEWALK                                             ,E 13TH AVE / N ALBION ST,3157632,1693626
2017105234,2/15/2017 0:00,800,ACCEPTED BY DA - ARREST MADE OR CITATION ISSUED,2999,2999-1,CRIMINAL MISCHIEF - MTR VEH,ANTI-BLACK,13,HIGHWAY/ROAD/ALLEY/STREET/SIDEWALK                                             ,E 13TH AVE / N ALBION ST,3157632,1693626
2017105275,2/15/2017 0:00,815,ARREST/CITATION - NOT PRESENTED/REFUSED BY DA,1316,1316-0,THREATS TO INJURE,ANTI-WHITE,13,HIGHWAY/ROAD/ALLEY/STREET/SIDEWALK                                             ,WEWATTA ST / 16TH ST,3139821,1699633
2017111468,2/17/2017 0:00,1618,REFUSED BY DA - NO LIKELIHOOD OF CONVICTION,2999,2999-1,CRIMINAL MISCHIEF - MTR VEH,ANTI-HISPANIC,13,HIGHWAY/ROAD/ALLEY/STREET/SIDEWALK                                             ,I25 HWYSB / N SPEER BLVD,3137010,1700390
2017125977,2/23/2017 0:00,1745,ACCEPTED BY DA - ARREST MADE OR CITATION ISSUED,1210,1210-0,ROBBERY - PURSE SNATCH W/FORCE,ANTI-BLACK,1,AIR/BUS/TRAIN TERMINAL                                                         ,S FEDERAL BLVD / W MISSISSIPPI AVE,3133645,1679018
2017195452,3/25/2017 0:00,910,INACTIVE,1315,1315-2,MENACING - FELONY W/WEAP,ANTI-TRANSGENDER,1,AIR/BUS/TRAIN TERMINAL                                                         ,1700 BLOCK WYNKOOP ST,3140598,1699567
2017306535,4/1/2017 0:00,1330,INACTIVE,1316,1316-0,THREATS TO INJURE,ANTI-HOMOSEXUAL (GAY AND LESBIAN),20,RESIDENCE/HOME                                                                 ,2300 BLOCK E EVANS AVE,3152281,1672386
2017213146,4/2/2017 0:00,443,ARREST/CITATION - NOT PRESENTED/REFUSED BY DA,1316,1316-0,THREATS TO INJURE,ANTI-BLACK,14,HOTEL/MOTEL/ETC.                                                               ,2600 BLOCK N ZUNI ST,3136069,1700494
2017213146,4/2/2017 0:00,443,ARREST/CITATION - NOT PRESENTED/REFUSED BY DA,5312,5312-0,DISTURBING THE PEACE,ANTI-BLACK,14,HOTEL/MOTEL/ETC.                                                               ,2600 BLOCK N ZUNI ST,3136069,1700494
2017263443,4/22/2017 0:00,2100,ARREST/CITATION - NOT PRESENTED/REFUSED BY DA,2999,2999-0,CRIMINAL MISCHIEF - OTHER,ANTI-BLACK,20,RESIDENCE/HOME                                                                 ,1400 BLOCK N OGDEN ST,3147532,1694400
2017263443,4/22/2017 0:00,2100,ARREST/CITATION - NOT PRESENTED/REFUSED BY DA,5312,5312-0,DISTURBING THE PEACE,ANTI-BLACK,20,RESIDENCE/HOME                                                                 ,1400 BLOCK N OGDEN ST,3147532,1694400
2017266194,4/24/2017 0:00,1245,ACCEPTED BY DA - ARREST MADE OR CITATION ISSUED,1313,1313-0,ASSAULT - SIMPLE,ANTI-HOMOSEXUAL (GAY AND LESBIAN),13,HIGHWAY/ROAD/ALLEY/STREET/SIDEWALK                                             ,N LOGAN ST / E COLFAX AVE,3145580,1694848
2017284171,5/1/2017 0:00,1800,INACTIVE,2999,2999-1,CRIMINAL MISCHIEF - MTR VEH,ANTI-JEWISH,13,HIGHWAY/ROAD/ALLEY/STREET/SIDEWALK                                             ,2300 BLOCK S WILLIAMS ST,3150100,1670762
2017284389,5/1/2017 0:00,2130,INACTIVE,2999,2999-1,CRIMINAL MISCHIEF - MTR VEH,ANTI-JEWISH,20,RESIDENCE/HOME                                                                 ,1800 BLOCK S GILPIN ST,3149769,1674383
2017285383,5/2/2017 0:00,720,INACTIVE,2999,2999-1,CRIMINAL MISCHIEF - MTR VEH,ANTI-JEWISH,18,PARKING LOT/GARAGE                                                             ,700 BLOCK N BROADWAY ST,3144354,1690523
20176003880,5/2/2017 0:00,1640,INACTIVE,2999,2999-1,CRIMINAL MISCHIEF - MTR VEH,ANTI-JEWISH,20,RESIDENCE/HOME                                                                 ,2200 BLOCK S WILLIAMS ST,3150101,1671238
20176003863,5/2/2017 0:00,700,INACTIVE,2999,2999-1,CRIMINAL MISCHIEF - MTR VEH,ANTI-JEWISH,20,RESIDENCE/HOME                                                                 ,2400 BLOCK S RACE ST,3150765,1670182
2017287964,5/2/2017 0:00,2000,INACTIVE,2999,2999-1,CRIMINAL MISCHIEF - MTR VEH,ANTI-JEWISH,13,HIGHWAY/ROAD/ALLEY/STREET/SIDEWALK                                             ,1500 BLOCK ARAPAHOE ST,3141527,1697656
2017285966,5/2/2017 0:00,300,INACTIVE,2999,2999-1,CRIMINAL MISCHIEF - MTR VEH,ANTI-JEWISH,13,HIGHWAY/ROAD/ALLEY/STREET/SIDEWALK                                             ,2300 BLOCK S UNIVERSITY BLVD,3152230,1671040
20176003905,5/3/2017 0:00,925,INACTIVE,2999,2999-1,CRIMINAL MISCHIEF - MTR VEH,ANTI-JEWISH,13,HIGHWAY/ROAD/ALLEY/STREET/SIDEWALK                                             ,1900 BLOCK S WILLIAMS ST,3150094,1673170
2017306792,5/11/2017 0:00,1315,INACTIVE,1313,1313-0,ASSAULT - SIMPLE,ANTI-HISPANIC,7,CONVENIENCE STORE                                                              ,5100 BLOCK N FEDERAL BLVD,3133545,1713145
2017306792,5/11/2017 0:00,1315,INACTIVE,2999,2999-0,CRIMINAL MISCHIEF - OTHER,ANTI-HISPANIC,7,CONVENIENCE STORE                                                              ,5100 BLOCK N FEDERAL BLVD,3133545,1713145
2017308618,5/12/2017 0:00,805,INACTIVE,1313,1313-0,ASSAULT - SIMPLE,ANTI-TRANSGENDER,44,DAYCARE FACILITY                                                               ,2300 BLOCK CURTIS ST,3144496,1700051
2017312033,5/13/2017 0:00,1634,VIC REFUSES TO COOP-NOT PRESENTED/REFUSED BY DA,1316,1316-0,THREATS TO INJURE,ANTI-MALE HOMOSEXUAL (GAY),24,SPECIALTY STORE                                                                ,8000 BLOCK E QUINCY AVE,3169843,1657990
2017323432,5/17/2017 0:00,2130,ARREST/CITATION - NOT PRESENTED/REFUSED BY DA,5309,5309-0,HARASSMENT,ANTI-OTHER ETHNICITY/NATIONAL ORIGIN,20,RESIDENCE/HOME                                                                 ,2100 BLOCK STOUT ST,3144562,1698927
2017323293,5/18/2017 0:00,945,STATE CHARGE WARRANT ISSUED,1313,1313-0,ASSAULT - SIMPLE,ANTI-FEMALE HOMOSEXUAL (LESBIAN),20,RESIDENCE/HOME                                                                 ,2400 BLOCK S GALAPAGO ST,3141971,1670319
2017325560,5/19/2017 0:00,1300,ACCEPTED BY DA - ARREST MADE OR CITATION ISSUED,1315,1315-2,MENACING - FELONY W/WEAP,ANTI-AMERICAN INDIAN/ALASKAN NATIVE,3,BAR/NIGHT CLUB                                                                 ,1800 BLOCK S FEDERAL BLVD,3133521,1673927
2017402118,6/20/2017 0:00,8,STATE CHARGE WARRANT ISSUED,1313,1313-0,ASSAULT - SIMPLE,ANTI-TRANSGENDER,3,BAR/NIGHT CLUB                                                                 ,7800 BLOCK E COLFAX AVE,3169503,1694866
2017407717,6/22/2017 0:00,610,ACCEPTED BY DA - ARREST MADE OR CITATION ISSUED,1315,1315-0,AGGRAVATED ASSAULT,ANTI-WHITE,13,HIGHWAY/ROAD/ALLEY/STREET/SIDEWALK                                             ,2200 BLOCK LAWRENCE ST,3143852,1700184
2017492820,7/26/2017 0:00,21,ACCEPTED BY DA - ARREST MADE OR CITATION ISSUED,1313,1313-0,ASSAULT - SIMPLE,ANTI-OTHER ETHNICITY/NATIONAL ORIGIN,1,AIR/BUS/TRAIN TERMINAL                                                         ,400 BLOCK WALNUT ST,3137133,1695925
2018238901,8/1/2017 0:00,1,OPEN,5309,5309-0,HARASSMENT,ANTI-HISPANIC,52,SCHOOL - COLLEGE/UNIVERSITY                                                    ,3000 BLOCK W Regis Blvd,3131452,1713240
2017542666,8/13/2017 0:00,145,INACTIVE,1315,1315-0,AGGRAVATED ASSAULT,ANTI-HISPANIC,13,HIGHWAY/ROAD/ALLEY/STREET/SIDEWALK                                             ,E 11TH AVE / N LINCOLN ST,3144523,1692592
20175003620,8/14/2017 0:00,1300,INACTIVE,2999,2999-2,CRIMINAL MISCHIEF - GRAFFITI,ANTI-BLACK,20,RESIDENCE/HOME                                                                 , BLOCK N ADAMS ST,3155219,1686428
2017561096,8/22/2017 0:00,300,REFUSED BY DA - NO LIKELIHOOD OF CONVICTION,2999,2999-2,CRIMINAL MISCHIEF - GRAFFITI,ANTI-JEWISH,3,BAR/NIGHT CLUB                                                                 ,1700 BLOCK E EVANS AVE,3149910,1672515
2017565337,8/24/2017 0:00,1120,INACTIVE,5309,5309-0,HARASSMENT,ANTI-HISPANIC,53,SCHOOL - ELEMENTARY/SECONDARY                                                  ,1600 BLOCK N ESPLANADE PKWY,3152941,1695469
2017591174,9/3/2017 0:00,1500,REFUSED BY DA - NO LIKELIHOOD OF CONVICTION,5309,5309-0,HARASSMENT,ANTI-BLACK,50,PARK/PLAYGROUND                                                                ,00 BLOCK E COLFAX AVE,,
2017598325,9/6/2017 0:00,1901,ARREST/CITATION - NOT PRESENTED/REFUSED BY DA,5312,5312-0,DISTURBING THE PEACE,ANTI-HOMOSEXUAL (GAY AND LESBIAN),20,RESIDENCE/HOME                                                                 ,9200 BLOCK E GIRARD AVE,3174680,1663589
2017629587,9/19/2017 0:00,630,INACTIVE,1316,1316-0,THREATS TO INJURE,ANTI-BLACK,13,HIGHWAY/ROAD/ALLEY/STREET/SIDEWALK                                             ,400 BLOCK E 8TH AVE,3145734,1690650
2017644153,9/22/2017 0:00,1812,INACTIVE,2999,2999-0,CRIMINAL MISCHIEF - OTHER,ANTI-BLACK,25,OTHER/UNKNOWN                                                                  ,1200 BLOCK 17TH ST,3141705,1698196
2017677962,10/9/2017 0:00,1230,ACCEPTED BY DA - ARREST MADE OR CITATION ISSUED,1315,1315-0,AGGRAVATED ASSAULT,ANTI-HOMOSEXUAL (GAY AND LESBIAN),20,RESIDENCE/HOME                                                                 , BLOCK E 16TH AVE,3144388,1695524
2017734887,11/2/2017 0:00,305,ACCEPTED BY DA - ARREST MADE OR CITATION ISSUED,1315,1315-2,MENACING - FELONY W/WEAP,ANTI-BLACK,1,AIR/BUS/TRAIN TERMINAL                                                         ,1000 BLOCK 19TH ST,3143054,1698655
2017739598,11/3/2017 0:00,2056,INACTIVE,2999,2999-1,CRIMINAL MISCHIEF - MTR VEH,ANTI-HOMOSEXUAL (GAY AND LESBIAN),18,PARKING LOT/GARAGE                                                             ,1100 BLOCK E COLFAX AVE,3148190,1694985
2017775256,11/10/2017 0:00,650,ARREST/CITATION - NOT PRESENTED/REFUSED BY DA,1316,1316-0,THREATS TO INJURE,ANTI-BLACK,15,JAIL/PRISON/PENETENTIARY/CORRECTIONS FACILITY                                  ,400 BLOCK W COLFAX AVE,3142418,1694739
2017760721,11/12/2017 0:00,1952,VIC REFUSES TO COOP-NOT PRESENTED/REFUSED BY DA,1313,1313-0,ASSAULT - SIMPLE,ANTI-MALE HOMOSEXUAL (GAY),18,PARKING LOT/GARAGE                                                             ,800 BLOCK S FEDERAL BLVD,3133746,1680427
2017767078,11/15/2017 0:00,1145,ARREST/CITATION - NOT PRESENTED/REFUSED BY DA,1316,1316-0,THREATS TO INJURE,ANTI-HISPANIC,13,HIGHWAY/ROAD/ALLEY/STREET/SIDEWALK                                             ,6300 BLOCK E HAMPDEN AVE,3164520,1663466
2017767904,11/15/2017 0:00,1749,INACTIVE,1316,1316-0,THREATS TO INJURE,ANTI-BLACK,25,OTHER/UNKNOWN                                                                  ,E 18TH AVE / N LOGAN ST,3145572,1696612
2017773395,11/17/2017 0:00,1600,MUNICIPAL WARRANT ISSUED,5312,5312-0,DISTURBING THE PEACE,ANTI-BLACK,20,RESIDENCE/HOME                                                                 ,3700 BLOCK S HILLCREST DR,3164367,1661358
2017779256,11/20/2017 0:00,1015,ACCEPTED BY DA - ARREST MADE OR CITATION ISSUED,1315,1315-0,AGGRAVATED ASSAULT,ANTI-TRANSGENDER,57,COMMUNITY CENTER                                                               ,1500 BLOCK N HIGH ST,3150473,1695101
2017792631,11/26/2017 0:00,1928,MUNICIPAL WARRANT ISSUED,1313,1313-0,ASSAULT - SIMPLE,ANTI-MALE HOMOSEXUAL (GAY),20,RESIDENCE/HOME                                                                 ,200 BLOCK S CLAY ST,3135043,1684558
2017792631,11/26/2017 0:00,1928,MUNICIPAL WARRANT ISSUED,5312,5312-0,DISTURBING THE PEACE,ANTI-MALE HOMOSEXUAL (GAY),20,RESIDENCE/HOME                                                                 ,200 BLOCK S CLAY ST,3135043,1684558
2017793595,11/26/2017 0:00,2300,INACTIVE,2999,2999-2,CRIMINAL MISCHIEF - GRAFFITI,ANTI-JEWISH,13,HIGHWAY/ROAD/ALLEY/STREET/SIDEWALK                                             ,1200 BLOCK S BROADWAY ST,3144308,1677782
2017794360,11/27/2017 0:00,1255,INACTIVE,1316,1316-0,THREATS TO INJURE,ANTI-BLACK,53,SCHOOL - ELEMENTARY/SECONDARY                                                  ,1600 BLOCK N ESPLANADE PKWY,3152941,1695469
2017803454,12/1/2017 0:00,1015,INACTIVE,2999,2999-1,CRIMINAL MISCHIEF - MTR VEH,ANTI-HISPANIC,13,HIGHWAY/ROAD/ALLEY/STREET/SIDEWALK                                             ,900 BLOCK N ACOMA ST,3143787,1691644
2017818808,12/7/2017 0:00,2035,ACCEPTED BY DA - ARREST MADE OR CITATION ISSUED,1315,1315-0,AGGRAVATED ASSAULT,ANTI-BLACK,1,AIR/BUS/TRAIN TERMINAL                                                         ,17TH ST / WEWATTA ST,3140139,1699945
20183071,12/12/2017 0:00,1200,INACTIVE,5309,5309-3,HARASSMENT - SEXUAL IN NATURE,ANTI-TRANSGENDER,25,OTHER/UNKNOWN                                                                  ,4300 BLOCK N KALAMATH ST,3140270,1707898
2017861644,12/27/2017 0:00,1800,ACCEPTED BY DA - ARREST MADE OR CITATION ISSUED,1315,1315-2,MENACING - FELONY W/WEAP,ANTI-HOMOSEXUAL (GAY AND LESBIAN),20,RESIDENCE/HOME                                                                 ,15000 BLOCK E MAXWELL PL,3193238,1715202
20183757,1/2/2018 0:00,1614,ACCEPTED BY DA - ARREST MADE OR CITATION ISSUED,1313,1313-0,ASSAULT - SIMPLE,ANTI-HISPANIC,18,PARKING LOT/GARAGE                                                             ,W LOUISIANA AVE / S FEDERAL BLVD,3133651,1677693
201832793,1/14/2018 0:00,1430,ACCEPTED BY DA - ARREST MADE OR CITATION ISSUED,1315,1315-2,MENACING - FELONY W/WEAP,ANTI-BLACK,5,COMMERCIAL/OFFICE BUILDING                                                     ,4200 BLOCK N COLUMBINE ST,3152677,1708050
201832793,1/14/2018 0:00,1430,ACCEPTED BY DA - ARREST MADE OR CITATION ISSUED,5016,5016-0,VIOLATION OF RESTRAINING ORDER,ANTI-BLACK,5,COMMERCIAL/OFFICE BUILDING                                                     ,4200 BLOCK N COLUMBINE ST,3152677,1708050
201856445,1/24/2018 0:00,1013,LETTER TO DETECTIVE - INFORMATION ONLY,5309,5309-0,HARASSMENT,ANTI-JEWISH,4,CHURCH/SYNAGOGUE/TEMPLE/MOSQUE                                                 ,1300 BLOCK N GRANT ST,3145118,1694152
201864148,1/26/2018 0:00,2100,INACTIVE,2999,2999-2,CRIMINAL MISCHIEF - GRAFFITI,ANTI-HISPANIC,20,RESIDENCE/HOME                                                                 ,100 BLOCK N RALEIGH ST,3128912,1687206
201879009,1/30/2018 0:00,1053,REFERRED TO OTHER AGENCY,1316,1316-0,THREATS TO INJURE,ANTI-HISPANIC,20,RESIDENCE/HOME                                                                 ,1200 BLOCK S OSCEOLA ST,3130131,1678194
2018154467,3/2/2018 0:00,2000,ACCEPTED BY DA - ARREST MADE OR CITATION ISSUED,1315,1315-0,AGGRAVATED ASSAULT,ANTI-HISPANIC,13,HIGHWAY/ROAD/ALLEY/STREET/SIDEWALK                                             ,3000 BLOCK W HILLSIDE PL,3133543,1670277
2018148236,3/3/2018 0:00,1030,INACTIVE,2999,2999-2,CRIMINAL MISCHIEF - GRAFFITI,ANTI-MULTI-RACIAL GROUP,18,PARKING LOT/GARAGE                                                             ,5000 BLOCK LEETSDALE DR,3160583,1683183
2018150646,3/4/2018 0:00,120,INACTIVE,1313,1313-0,ASSAULT - SIMPLE,ANTI-HOMOSEXUAL (GAY AND LESBIAN),7,CONVENIENCE STORE                                                              ,18TH ST / WELTON ST,3143718,1697153
2018166152,3/9/2018 0:00,1433,VIC REFUSES TO COOP-NOT PRESENTED/REFUSED BY DA,1316,1316-0,THREATS TO INJURE,ANTI-MALE HOMOSEXUAL (GAY),20,RESIDENCE/HOME                                                                 ,4800 BLOCK N HALIFAX ST,3208580,1711660
20186002486,3/18/2018 0:00,830,INACTIVE,2999,2999-1,CRIMINAL MISCHIEF - MTR VEH,ANTI-HOMOSEXUAL (GAY AND LESBIAN,13,HIGHWAY/ROAD/ALLEY/STREET/SIDEWALK                                             , BLOCK S BANNOCK ST,3143549,1685891
2018194699,3/23/2018 0:00,1221,ACCEPTED BY DA - ARREST MADE OR CITATION ISSUED,1316,1316-0,THREATS TO INJURE,ANTI-BLACK,18,PARKING LOT/GARAGE                                                             ,18600 BLOCK E GVR BLVD,3205114,1711659
2018200607,3/25/2018 0:00,2200,ACCEPTED BY DA - ARREST MADE OR CITATION ISSUED,1316,1316-0,THREATS TO INJURE,ANTI-ISLAMIC,53,SCHOOL - ELEMENTARY/SECONDARY                                                  ,900 BLOCK N GALAPAGO ST,3141543,1691673
2018227921,4/6/2018 0:00,204,INACTIVE,1315,1315-2,MENACING - FELONY W/WEAP,ANTI-BLACK,18,PARKING LOT/GARAGE                                                             ,2600 BLOCK W ALAMEDA AVE,3135347,1684163
2018310128,5/8/2018 0:00,1949,OPEN,2999,2999-2,CRIMINAL MISCHIEF - GRAFFITI,ANTI-BLACK,20,RESIDENCE/HOME                                                                 ,18900 BLOCK E CHAFFEE PL,3206313,1709512
2018326066,5/12/2018 0:00,1300,ACCEPTED BY DA - ARREST MADE OR CITATION ISSUED,2999,2999-2,CRIMINAL MISCHIEF - GRAFFITI,ANTI-BLACK,20,RESIDENCE/HOME                                                                 ,2700 BLOCK S GROVE ST,3133079,1667514
2018326066,5/12/2018 0:00,1300,ACCEPTED BY DA - ARREST MADE OR CITATION ISSUED,1316,1316-0,THREATS TO INJURE,ANTI-BLACK,20,RESIDENCE/HOME                                                                 ,2700 BLOCK S GROVE ST,3133079,1667514
2018334835,5/18/2018 0:00,1700,VIC REFUSES TO COOP-NOT PRESENTED/REFUSED BY DA,1313,1313-0,ASSAULT - SIMPLE,ANTI-MALE HOMOSEXUAL (GAY),20,RESIDENCE/HOME                                                                 ,2800 BLOCK W 37TH AVE,3134162,1704898
2018350760,5/21/2018 0:00,1800,ACCEPTED BY DA - ARREST MADE OR CITATION ISSUED,5309,5309-0,HARASSMENT,ANTI-HISPANIC,13,HIGHWAY/ROAD/ALLEY/STREET/SIDEWALK                                             ,3100 BLOCK W FLORIDA AVE,3132944,1676422
2018350760,5/21/2018 0:00,1800,ACCEPTED BY DA - ARREST MADE OR CITATION ISSUED,5016,5016-0,VIOLATION OF RESTRAINING ORDER,ANTI-HISPANIC,13,HIGHWAY/ROAD/ALLEY/STREET/SIDEWALK                                             ,3100 BLOCK W FLORIDA AVE,3132944,1676422
2018355224,5/27/2018 0:00,219,ACCEPTED BY DA - ARREST MADE OR CITATION ISSUED,1313,1313-0,ASSAULT - SIMPLE,ANTI-BLACK,13,HIGHWAY/ROAD/ALLEY/STREET/SIDEWALK                                             ,1700 BLOCK WYNKOOP ST,3140760,1699507
2018370583,5/28/2018 0:00,1315,VIC REFUSES TO COOP-NOT PRESENTED/REFUSED BY DA,2999,2999-0,CRIMINAL MISCHIEF - OTHER,ANTI-PHYSICAL DISABILITY,13,HIGHWAY/ROAD/ALLEY/STREET/SIDEWALK                                             ,1400 BLOCK BLOCK N COLORADO BLVD,3157323,1694619
2018362977,5/29/2018 0:00,1900,INACTIVE,2999,2999-0,CRIMINAL MISCHIEF - OTHER,ANTI-BLACK,21,RESTAURANT                                                                     ,1700 BLOCK E 25TH AVE,3149872,1699598
2018365417,5/31/2018 0:00,900,VIC REFUSES TO COOP-NOT PRESENTED/REFUSED BY DA,1315,1315-2,MENACING - FELONY W/WEAP,ANTI-MALE HOMOSEXUAL (GAY),18,PARKING LOT/GARAGE                                                             ,1200 BLOCK N COLORADO BLVD,3157366,1693555
2018373210,6/1/2018 0:00,2220,OPEN,1316,1316-0,THREATS TO INJURE,ANTI-MALE HOMOSEXUAL (GAY),25,OTHER/UNKNOWN                                                                  ,4300 BLOCK N KALAMATH ST,3140270,1707898
20185002899,6/11/2018 0:00,730,VIC REFUSES TO COOP-NOT PRESENTED/REFUSED BY DA,1316,1316-0,THREATS TO INJURE,ANTI-ISLAMIC,13,HIGHWAY/ROAD/ALLEY/STREET/SIDEWALK                                             ,LEETSDALE DR / S QUEBEC ST,3167834,1679871
2018406703,6/17/2018 0:00,1545,ACCEPTED BY DA - ARREST MADE OR CITATION ISSUED,1315,1315-0,AGGRAVATED ASSAULT,ANTI-WHITE,13,HIGHWAY/ROAD/ALLEY/STREET/SIDEWALK                                             ,S ACOMA ST / W MEXICO AVE,3143882,1675077
2018412532,6/20/2018 0:00,315,INACTIVE,2399,2399-0,THEFT - OTHER,ANTI-HOMOSEXUAL (GAY AND LESBIAN,13,HIGHWAY/ROAD/ALLEY/STREET/SIDEWALK                                             ,800 BLOCK 16TH ST,3142307,1697059
2018437401,6/29/2018 0:00,1851,OPEN,1313,1313-0,ASSAULT - SIMPLE,ANTI-BLACK,7,CONVENIENCE STORE                                                              ,1500 BLOCK N COLORADO BLVD,3157446,1695333
